generated_at,snapshot_hash,cve_id,build_status,version,service_role,vuln_category,primary_mitre_phase,schema_v3,source_bundle_complete,source_bundle_hashed,self_contained_paths,runtime_spec_explicit,runtime_ready,runtime_build_reproducible,flag_contract_explicit,validation_contract_explicit,native_verified,service_contract_complete,verified_capability,guide_ready_valid,orchestrated_environment_verified,blockers,parse_error
2026-07-30T17:05:00.766779+00:00,1649e1ba411a85e2a29f8ce3be88daae737173169d49581c15964addc311a2e5,CVE-2010-2861,completed,3,web_application,LFI,initial_access,True,True,True,True,True,True,True,True,True,True,True,True,True,True,,
2026-07-30T17:05:00.766779+00:00,1649e1ba411a85e2a29f8ce3be88daae737173169d49581c15964addc311a2e5,CVE-2010-3863,building,2,web_application,Auth_Bypass,initial_access,False,False,False,True,False,False,False,False,False,False,False,False,False,False,schema_v3; source_bundle_complete; source_bundle_hashed; runtime_spec_explicit; runtime_ready; runtime_build_reproducible; flag_contract_explicit; validation_contract_explicit; native_verified; service_contract_complete; verified_capability; guide_ready_valid; orchestrated_environment_verified,
2026-07-30T17:05:00.766779+00:00,1649e1ba411a85e2a29f8ce3be88daae737173169d49581c15964addc311a2e5,CVE-2012-1823,completed,3,web_application,RCE,initial_access,True,True,True,True,True,True,True,True,True,True,True,True,True,True,,
2026-07-30T17:05:00.766779+00:00,1649e1ba411a85e2a29f8ce3be88daae737173169d49581c15964addc311a2e5,CVE-2012-2122,building,2,database,Auth_Bypass,initial_access,False,False,False,True,False,False,False,False,False,False,False,False,False,False,schema_v3; source_bundle_complete; source_bundle_hashed; runtime_spec_explicit; runtime_ready; runtime_build_reproducible; flag_contract_explicit; validation_contract_explicit; native_verified; service_contract_complete; verified_capability; guide_ready_valid; orchestrated_environment_verified,
2026-07-30T17:05:00.766779+00:00,1649e1ba411a85e2a29f8ce3be88daae737173169d49581c15964addc311a2e5,CVE-2013-4547,building,3,web_application,RCE,initial_access,True,True,True,True,True,False,False,True,True,True,True,True,True,True,runtime_ready; runtime_build_reproducible,
2026-07-30T17:05:00.766779+00:00,1649e1ba411a85e2a29f8ce3be88daae737173169d49581c15964addc311a2e5,CVE-2014-0160,building,3,web_application,Info_Leak,credential_access,True,True,True,True,True,True,True,True,True,True,True,False,False,True,verified_capability; guide_ready_valid,
2026-07-30T17:05:00.766779+00:00,1649e1ba411a85e2a29f8ce3be88daae737173169d49581c15964addc311a2e5,CVE-2014-3120,completed,3,middleware,RCE,initial_access,True,True,True,True,True,True,True,True,True,True,True,True,True,True,,
2026-07-30T17:05:00.766779+00:00,1649e1ba411a85e2a29f8ce3be88daae737173169d49581c15964addc311a2e5,CVE-2014-3704,building,2,web_application,RCE,initial_access,False,False,False,True,False,False,False,False,False,False,False,False,False,False,schema_v3; source_bundle_complete; source_bundle_hashed; runtime_spec_explicit; runtime_ready; runtime_build_reproducible; flag_contract_explicit; validation_contract_explicit; native_verified; service_contract_complete; verified_capability; guide_ready_valid; orchestrated_environment_verified,
2026-07-30T17:05:00.766779+00:00,1649e1ba411a85e2a29f8ce3be88daae737173169d49581c15964addc311a2e5,CVE-2014-6271,building,2,web_application,RCE,initial_access,False,True,True,True,True,False,False,True,True,False,True,False,False,False,schema_v3; runtime_ready; runtime_build_reproducible; native_verified; verified_capability; guide_ready_valid; orchestrated_environment_verified,
2026-07-30T17:05:00.766779+00:00,1649e1ba411a85e2a29f8ce3be88daae737173169d49581c15964addc311a2e5,CVE-2015-1427,completed,3,web_application,RCE,initial_access,True,True,True,True,True,True,True,True,True,True,True,True,True,True,,
2026-07-30T17:05:00.766779+00:00,1649e1ba411a85e2a29f8ce3be88daae737173169d49581c15964addc311a2e5,CVE-2015-3337,building,2,middleware,LFI,initial_access,False,True,True,True,True,False,False,True,True,False,True,False,False,False,schema_v3; runtime_ready; runtime_build_reproducible; native_verified; verified_capability; guide_ready_valid; orchestrated_environment_verified,
2026-07-30T17:05:00.766779+00:00,1649e1ba411a85e2a29f8ce3be88daae737173169d49581c15964addc311a2e5,CVE-2015-5254,building,3,middleware,RCE,initial_access,True,True,True,True,True,False,False,True,True,True,False,False,True,True,runtime_ready; runtime_build_reproducible; service_contract_complete; verified_capability,
2026-07-30T17:05:00.766779+00:00,1649e1ba411a85e2a29f8ce3be88daae737173169d49581c15964addc311a2e5,CVE-2015-5531,completed,3,web_application,LFI,initial_access,True,True,True,True,True,True,True,True,True,True,True,True,True,True,,
2026-07-30T17:05:00.766779+00:00,1649e1ba411a85e2a29f8ce3be88daae737173169d49581c15964addc311a2e5,CVE-2015-8562,building,2,web_application,RCE,initial_access,False,False,False,True,False,False,False,False,False,False,False,False,False,False,schema_v3; source_bundle_complete; source_bundle_hashed; runtime_spec_explicit; runtime_ready; runtime_build_reproducible; flag_contract_explicit; validation_contract_explicit; native_verified; service_contract_complete; verified_capability; guide_ready_valid; orchestrated_environment_verified,
2026-07-30T17:05:00.766779+00:00,1649e1ba411a85e2a29f8ce3be88daae737173169d49581c15964addc311a2e5,CVE-2016-1897,building,2,web_application,SSRF,initial_access,False,False,False,True,False,False,False,False,False,False,True,False,False,False,schema_v3; source_bundle_complete; source_bundle_hashed; runtime_spec_explicit; runtime_ready; runtime_build_reproducible; flag_contract_explicit; validation_contract_explicit; native_verified; verified_capability; guide_ready_valid; orchestrated_environment_verified,
2026-07-30T17:05:00.766779+00:00,1649e1ba411a85e2a29f8ce3be88daae737173169d49581c15964addc311a2e5,CVE-2016-3088,completed,3,web_application,RCE,initial_access,True,True,True,True,True,True,True,True,True,True,True,True,True,True,,
2026-07-30T17:05:00.766779+00:00,1649e1ba411a85e2a29f8ce3be88daae737173169d49581c15964addc311a2e5,CVE-2016-3714,completed,3,web_application,RCE,initial_access,True,True,True,True,True,True,True,True,True,True,True,True,True,True,,
2026-07-30T17:05:00.766779+00:00,1649e1ba411a85e2a29f8ce3be88daae737173169d49581c15964addc311a2e5,CVE-2016-4437,building,2,framework,RCE,initial_access,False,False,False,True,False,False,False,False,False,False,False,False,False,False,schema_v3; source_bundle_complete; source_bundle_hashed; runtime_spec_explicit; runtime_ready; runtime_build_reproducible; flag_contract_explicit; validation_contract_explicit; native_verified; service_contract_complete; verified_capability; guide_ready_valid; orchestrated_environment_verified,
2026-07-30T17:05:00.766779+00:00,1649e1ba411a85e2a29f8ce3be88daae737173169d49581c15964addc311a2e5,CVE-2016-4977,building,2,web_application,RCE,initial_access,False,True,True,True,True,False,False,True,True,False,True,False,False,False,schema_v3; runtime_ready; runtime_build_reproducible; native_verified; verified_capability; guide_ready_valid; orchestrated_environment_verified,
2026-07-30T17:05:00.766779+00:00,1649e1ba411a85e2a29f8ce3be88daae737173169d49581c15964addc311a2e5,CVE-2016-5385,building,2,web_application,Injection,initial_access,False,False,False,True,False,False,False,False,False,False,False,False,False,False,schema_v3; source_bundle_complete; source_bundle_hashed; runtime_spec_explicit; runtime_ready; runtime_build_reproducible; flag_contract_explicit; validation_contract_explicit; native_verified; service_contract_complete; verified_capability; guide_ready_valid; orchestrated_environment_verified,
2026-07-30T17:05:00.766779+00:00,1649e1ba411a85e2a29f8ce3be88daae737173169d49581c15964addc311a2e5,CVE-2016-5734,building,2,web_application,RCE,initial_access,False,False,False,True,False,False,False,False,False,False,False,False,False,False,schema_v3; source_bundle_complete; source_bundle_hashed; runtime_spec_explicit; runtime_ready; runtime_build_reproducible; flag_contract_explicit; validation_contract_explicit; native_verified; service_contract_complete; verified_capability; guide_ready_valid; orchestrated_environment_verified,
2026-07-30T17:05:00.766779+00:00,1649e1ba411a85e2a29f8ce3be88daae737173169d49581c15964addc311a2e5,CVE-2016-9086,building,2,web_application,RCE,initial_access,False,False,False,True,False,False,False,False,False,False,False,False,False,False,schema_v3; source_bundle_complete; source_bundle_hashed; runtime_spec_explicit; runtime_ready; runtime_build_reproducible; flag_contract_explicit; validation_contract_explicit; native_verified; service_contract_complete; verified_capability; guide_ready_valid; orchestrated_environment_verified,
2026-07-30T17:05:00.766779+00:00,1649e1ba411a85e2a29f8ce3be88daae737173169d49581c15964addc311a2e5,CVE-2017-1000028,completed,3,web_application,LFI,initial_access,True,True,True,True,True,True,True,True,True,True,True,True,True,True,,
2026-07-30T17:05:00.766779+00:00,1649e1ba411a85e2a29f8ce3be88daae737173169d49581c15964addc311a2e5,CVE-2017-1000353,building,2,web_application,RCE,initial_access,False,False,False,True,False,False,False,False,False,False,False,False,False,False,schema_v3; source_bundle_complete; source_bundle_hashed; runtime_spec_explicit; runtime_ready; runtime_build_reproducible; flag_contract_explicit; validation_contract_explicit; native_verified; service_contract_complete; verified_capability; guide_ready_valid; orchestrated_environment_verified,
2026-07-30T17:05:00.766779+00:00,1649e1ba411a85e2a29f8ce3be88daae737173169d49581c15964addc311a2e5,CVE-2017-10271,building,3,middleware,Deserialization,initial_access,True,True,True,True,True,False,True,True,True,True,True,True,True,True,runtime_ready,
2026-07-30T17:05:00.766779+00:00,1649e1ba411a85e2a29f8ce3be88daae737173169d49581c15964addc311a2e5,CVE-2017-11610,completed,3,web_application,RCE,initial_access,True,True,True,True,True,True,True,True,True,True,True,True,True,True,,
2026-07-30T17:05:00.766779+00:00,1649e1ba411a85e2a29f8ce3be88daae737173169d49581c15964addc311a2e5,CVE-2017-12149,completed,3,web_application,Deserialization,initial_access,True,True,True,True,True,True,True,True,True,True,True,True,True,True,,
2026-07-30T17:05:00.766779+00:00,1649e1ba411a85e2a29f8ce3be88daae737173169d49581c15964addc311a2e5,CVE-2017-12615,completed,3,web_application,RCE,initial_access,True,True,True,True,True,True,True,True,True,True,True,True,True,True,,
2026-07-30T17:05:00.766779+00:00,1649e1ba411a85e2a29f8ce3be88daae737173169d49581c15964addc311a2e5,CVE-2017-12629-RCE,building,2,middleware,RCE,initial_access,False,False,False,True,False,False,False,False,False,False,False,False,False,False,schema_v3; source_bundle_complete; source_bundle_hashed; runtime_spec_explicit; runtime_ready; runtime_build_reproducible; flag_contract_explicit; validation_contract_explicit; native_verified; service_contract_complete; verified_capability; guide_ready_valid; orchestrated_environment_verified,
2026-07-30T17:05:00.766779+00:00,1649e1ba411a85e2a29f8ce3be88daae737173169d49581c15964addc311a2e5,CVE-2017-12635,completed,3,database,Auth_Bypass,initial_access,True,True,True,True,True,True,True,True,True,True,True,True,True,True,,
2026-07-30T17:05:00.766779+00:00,1649e1ba411a85e2a29f8ce3be88daae737173169d49581c15964addc311a2e5,CVE-2017-12636,building,3,database,RCE,initial_access,True,True,True,True,True,False,False,True,True,True,False,False,True,True,runtime_ready; runtime_build_reproducible; service_contract_complete; verified_capability,
2026-07-30T17:05:00.766779+00:00,1649e1ba411a85e2a29f8ce3be88daae737173169d49581c15964addc311a2e5,CVE-2017-12794,building,3,web_application,Injection,initial_access,True,False,True,True,True,False,False,True,True,True,True,True,True,False,source_bundle_complete; runtime_ready; runtime_build_reproducible; orchestrated_environment_verified,
2026-07-30T17:05:00.766779+00:00,1649e1ba411a85e2a29f8ce3be88daae737173169d49581c15964addc311a2e5,CVE-2017-14849,completed,3,web_application,LFI,initial_access,True,True,True,True,True,True,True,True,True,True,True,True,True,True,,
2026-07-30T17:05:00.766779+00:00,1649e1ba411a85e2a29f8ce3be88daae737173169d49581c15964addc311a2e5,CVE-2017-15715,completed,3,web_application,RCE,initial_access,True,True,True,True,True,True,True,True,True,True,True,True,True,True,,
2026-07-30T17:05:00.766779+00:00,1649e1ba411a85e2a29f8ce3be88daae737173169d49581c15964addc311a2e5,CVE-2017-16082,building,2,web_application,RCE,initial_access,False,False,False,True,False,False,False,False,False,False,False,False,False,False,schema_v3; source_bundle_complete; source_bundle_hashed; runtime_spec_explicit; runtime_ready; runtime_build_reproducible; flag_contract_explicit; validation_contract_explicit; native_verified; service_contract_complete; verified_capability; guide_ready_valid; orchestrated_environment_verified,
2026-07-30T17:05:00.766779+00:00,1649e1ba411a85e2a29f8ce3be88daae737173169d49581c15964addc311a2e5,CVE-2017-17405,building,3,web_application,RCE,initial_access,True,True,True,True,True,False,False,True,True,True,True,True,True,True,runtime_ready; runtime_build_reproducible,
2026-07-30T17:05:00.766779+00:00,1649e1ba411a85e2a29f8ce3be88daae737173169d49581c15964addc311a2e5,CVE-2017-17562,completed,3,web_application,RCE,initial_access,True,True,True,True,True,True,True,True,True,True,True,True,True,True,,
2026-07-30T17:05:00.766779+00:00,1649e1ba411a85e2a29f8ce3be88daae737173169d49581c15964addc311a2e5,CVE-2017-3066,building,3,web_application,RCE,initial_access,True,True,True,True,True,True,True,True,True,False,True,False,False,False,native_verified; verified_capability; guide_ready_valid; orchestrated_environment_verified,
2026-07-30T17:05:00.766779+00:00,1649e1ba411a85e2a29f8ce3be88daae737173169d49581c15964addc311a2e5,CVE-2017-4971,building,2,web_application,RCE,initial_access,False,True,True,True,True,False,False,True,True,False,True,False,False,False,schema_v3; runtime_ready; runtime_build_reproducible; native_verified; verified_capability; guide_ready_valid; orchestrated_environment_verified,
2026-07-30T17:05:00.766779+00:00,1649e1ba411a85e2a29f8ce3be88daae737173169d49581c15964addc311a2e5,CVE-2017-5223,building,2,web_application,RCE,initial_access,False,False,False,True,False,False,False,False,False,False,False,False,False,False,schema_v3; source_bundle_complete; source_bundle_hashed; runtime_spec_explicit; runtime_ready; runtime_build_reproducible; flag_contract_explicit; validation_contract_explicit; native_verified; service_contract_complete; verified_capability; guide_ready_valid; orchestrated_environment_verified,
2026-07-30T17:05:00.766779+00:00,1649e1ba411a85e2a29f8ce3be88daae737173169d49581c15964addc311a2e5,CVE-2017-5645,building,2,middleware,RCE,initial_access,False,True,True,True,True,False,False,True,True,False,True,False,False,False,schema_v3; runtime_ready; runtime_build_reproducible; native_verified; verified_capability; guide_ready_valid; orchestrated_environment_verified,
2026-07-30T17:05:00.766779+00:00,1649e1ba411a85e2a29f8ce3be88daae737173169d49581c15964addc311a2e5,CVE-2017-6920,building,2,web_application,RCE,initial_access,False,False,False,True,False,False,False,False,False,False,False,False,False,False,schema_v3; source_bundle_complete; source_bundle_hashed; runtime_spec_explicit; runtime_ready; runtime_build_reproducible; flag_contract_explicit; validation_contract_explicit; native_verified; service_contract_complete; verified_capability; guide_ready_valid; orchestrated_environment_verified,
2026-07-30T17:05:00.766779+00:00,1649e1ba411a85e2a29f8ce3be88daae737173169d49581c15964addc311a2e5,CVE-2017-7494,building,3,file_service,RCE,initial_access,True,True,True,True,True,False,False,True,True,True,False,False,True,True,runtime_ready; runtime_build_reproducible; service_contract_complete; verified_capability,
2026-07-30T17:05:00.766779+00:00,1649e1ba411a85e2a29f8ce3be88daae737173169d49581c15964addc311a2e5,CVE-2017-7504,building,2,middleware,RCE,initial_access,False,False,False,True,False,False,False,False,False,False,False,False,False,False,schema_v3; source_bundle_complete; source_bundle_hashed; runtime_spec_explicit; runtime_ready; runtime_build_reproducible; flag_contract_explicit; validation_contract_explicit; native_verified; service_contract_complete; verified_capability; guide_ready_valid; orchestrated_environment_verified,
2026-07-30T17:05:00.766779+00:00,1649e1ba411a85e2a29f8ce3be88daae737173169d49581c15964addc311a2e5,CVE-2017-7525,building,2,web_application,Deserialization,initial_access,False,False,False,True,False,False,False,False,False,False,False,False,False,False,schema_v3; source_bundle_complete; source_bundle_hashed; runtime_spec_explicit; runtime_ready; runtime_build_reproducible; flag_contract_explicit; validation_contract_explicit; native_verified; service_contract_complete; verified_capability; guide_ready_valid; orchestrated_environment_verified,
2026-07-30T17:05:00.766779+00:00,1649e1ba411a85e2a29f8ce3be88daae737173169d49581c15964addc311a2e5,CVE-2017-7529,building,2,web_application,Injection,initial_access,False,False,False,True,False,False,False,False,False,False,False,False,False,False,schema_v3; source_bundle_complete; source_bundle_hashed; runtime_spec_explicit; runtime_ready; runtime_build_reproducible; flag_contract_explicit; validation_contract_explicit; native_verified; service_contract_complete; verified_capability; guide_ready_valid; orchestrated_environment_verified,
2026-07-30T17:05:00.766779+00:00,1649e1ba411a85e2a29f8ce3be88daae737173169d49581c15964addc311a2e5,CVE-2017-8046,building,2,web_application,RCE,initial_access,False,True,True,True,True,False,False,True,True,False,True,False,False,False,schema_v3; runtime_ready; runtime_build_reproducible; native_verified; verified_capability; guide_ready_valid; orchestrated_environment_verified,
2026-07-30T17:05:00.766779+00:00,1649e1ba411a85e2a29f8ce3be88daae737173169d49581c15964addc311a2e5,CVE-2017-8386,building,3,system_service,RCE,initial_access,True,True,True,True,True,True,True,True,True,False,True,False,False,False,native_verified; verified_capability; guide_ready_valid; orchestrated_environment_verified,
2026-07-30T17:05:00.766779+00:00,1649e1ba411a85e2a29f8ce3be88daae737173169d49581c15964addc311a2e5,CVE-2017-8917,building,2,web_application,RCE,initial_access,False,False,False,True,False,False,False,False,False,False,False,False,False,False,schema_v3; source_bundle_complete; source_bundle_hashed; runtime_spec_explicit; runtime_ready; runtime_build_reproducible; flag_contract_explicit; validation_contract_explicit; native_verified; service_contract_complete; verified_capability; guide_ready_valid; orchestrated_environment_verified,
2026-07-30T17:05:00.766779+00:00,1649e1ba411a85e2a29f8ce3be88daae737173169d49581c15964addc311a2e5,CVE-2017-9841,building,2,web_application,RCE,initial_access,False,True,True,True,True,False,False,True,True,False,True,False,False,False,schema_v3; runtime_ready; runtime_build_reproducible; native_verified; verified_capability; guide_ready_valid; orchestrated_environment_verified,
2026-07-30T17:05:00.766779+00:00,1649e1ba411a85e2a29f8ce3be88daae737173169d49581c15964addc311a2e5,CVE-2017-9993,building,2,web_application,RCE,initial_access,False,False,False,True,False,False,False,False,False,False,False,False,False,False,schema_v3; source_bundle_complete; source_bundle_hashed; runtime_spec_explicit; runtime_ready; runtime_build_reproducible; flag_contract_explicit; validation_contract_explicit; native_verified; service_contract_complete; verified_capability; guide_ready_valid; orchestrated_environment_verified,
2026-07-30T17:05:00.766779+00:00,1649e1ba411a85e2a29f8ce3be88daae737173169d49581c15964addc311a2e5,CVE-2018-1000006,building,2,web_application,RCE,initial_access,False,False,False,True,False,False,False,False,False,False,False,False,False,False,schema_v3; source_bundle_complete; source_bundle_hashed; runtime_spec_explicit; runtime_ready; runtime_build_reproducible; flag_contract_explicit; validation_contract_explicit; native_verified; service_contract_complete; verified_capability; guide_ready_valid; orchestrated_environment_verified,
2026-07-30T17:05:00.766779+00:00,1649e1ba411a85e2a29f8ce3be88daae737173169d49581c15964addc311a2e5,CVE-2018-1000533,building,2,web_application,RCE,initial_access,False,False,False,True,False,False,False,False,False,False,False,False,False,False,schema_v3; source_bundle_complete; source_bundle_hashed; runtime_spec_explicit; runtime_ready; runtime_build_reproducible; flag_contract_explicit; validation_contract_explicit; native_verified; service_contract_complete; verified_capability; guide_ready_valid; orchestrated_environment_verified,
2026-07-30T17:05:00.766779+00:00,1649e1ba411a85e2a29f8ce3be88daae737173169d49581c15964addc311a2e5,CVE-2018-1000861,building,2,web_application,RCE,initial_access,False,True,True,True,True,False,False,True,True,False,True,False,False,False,schema_v3; runtime_ready; runtime_build_reproducible; native_verified; verified_capability; guide_ready_valid; orchestrated_environment_verified,
2026-07-30T17:05:00.766779+00:00,1649e1ba411a85e2a29f8ce3be88daae737173169d49581c15964addc311a2e5,CVE-2018-10054,building,2,web_application,RCE,initial_access,False,True,True,True,True,False,False,True,True,False,True,False,False,False,schema_v3; runtime_ready; runtime_build_reproducible; native_verified; verified_capability; guide_ready_valid; orchestrated_environment_verified,
2026-07-30T17:05:00.766779+00:00,1649e1ba411a85e2a29f8ce3be88daae737173169d49581c15964addc311a2e5,CVE-2018-1058,building,2,database,LPE,privilege_escalation,False,False,False,True,False,False,False,False,False,False,False,False,False,False,schema_v3; source_bundle_complete; source_bundle_hashed; runtime_spec_explicit; runtime_ready; runtime_build_reproducible; flag_contract_explicit; validation_contract_explicit; native_verified; service_contract_complete; verified_capability; guide_ready_valid; orchestrated_environment_verified,
2026-07-30T17:05:00.766779+00:00,1649e1ba411a85e2a29f8ce3be88daae737173169d49581c15964addc311a2e5,CVE-2018-10933,completed,3,system_service,Auth_Bypass,initial_access,True,True,True,True,True,True,True,True,True,True,True,True,True,True,,
2026-07-30T17:05:00.766779+00:00,1649e1ba411a85e2a29f8ce3be88daae737173169d49581c15964addc311a2e5,CVE-2018-12613,completed,3,web_application,RCE,initial_access,True,True,True,True,True,True,True,True,True,True,True,True,True,True,,
2026-07-30T17:05:00.766779+00:00,1649e1ba411a85e2a29f8ce3be88daae737173169d49581c15964addc311a2e5,CVE-2018-1270,building,2,web_application,RCE,initial_access,False,True,True,True,True,False,False,True,True,False,True,False,False,False,schema_v3; runtime_ready; runtime_build_reproducible; native_verified; verified_capability; guide_ready_valid; orchestrated_environment_verified,
2026-07-30T17:05:00.766779+00:00,1649e1ba411a85e2a29f8ce3be88daae737173169d49581c15964addc311a2e5,CVE-2018-1273,building,3,framework,RCE,initial_access,True,True,True,True,True,True,True,True,True,False,True,False,False,False,native_verified; verified_capability; guide_ready_valid; orchestrated_environment_verified,
2026-07-30T17:05:00.766779+00:00,1649e1ba411a85e2a29f8ce3be88daae737173169d49581c15964addc311a2e5,CVE-2018-1297,building,3,web_application,RCE,initial_access,True,True,True,True,True,True,True,True,True,False,True,False,False,False,native_verified; verified_capability; guide_ready_valid; orchestrated_environment_verified,
2026-07-30T17:05:00.766779+00:00,1649e1ba411a85e2a29f8ce3be88daae737173169d49581c15964addc311a2e5,CVE-2018-14574,building,2,web_application,Info_Leak,initial_access,False,False,False,True,False,False,False,False,False,False,False,False,False,False,schema_v3; source_bundle_complete; source_bundle_hashed; runtime_spec_explicit; runtime_ready; runtime_build_reproducible; flag_contract_explicit; validation_contract_explicit; native_verified; service_contract_complete; verified_capability; guide_ready_valid; orchestrated_environment_verified,
2026-07-30T17:05:00.766779+00:00,1649e1ba411a85e2a29f8ce3be88daae737173169d49581c15964addc311a2e5,CVE-2018-15473,building,2,system_service,RCE,initial_access,False,False,False,True,False,False,False,False,False,False,False,False,False,False,schema_v3; source_bundle_complete; source_bundle_hashed; runtime_spec_explicit; runtime_ready; runtime_build_reproducible; flag_contract_explicit; validation_contract_explicit; native_verified; service_contract_complete; verified_capability; guide_ready_valid; orchestrated_environment_verified,
2026-07-30T17:05:00.766779+00:00,1649e1ba411a85e2a29f8ce3be88daae737173169d49581c15964addc311a2e5,CVE-2018-15685,building,2,web_application,RCE,initial_access,False,False,False,True,False,False,False,False,False,False,False,False,False,False,schema_v3; source_bundle_complete; source_bundle_hashed; runtime_spec_explicit; runtime_ready; runtime_build_reproducible; flag_contract_explicit; validation_contract_explicit; native_verified; service_contract_complete; verified_capability; guide_ready_valid; orchestrated_environment_verified,
2026-07-30T17:05:00.766779+00:00,1649e1ba411a85e2a29f8ce3be88daae737173169d49581c15964addc311a2e5,CVE-2018-16509,completed,3,web_application,RCE,initial_access,True,True,True,True,True,True,True,True,True,True,True,True,True,True,,
2026-07-30T17:05:00.766779+00:00,1649e1ba411a85e2a29f8ce3be88daae737173169d49581c15964addc311a2e5,CVE-2018-18778,completed,3,web_application,LFI,initial_access,True,True,True,True,True,True,True,True,True,True,True,True,True,True,,
2026-07-30T17:05:00.766779+00:00,1649e1ba411a85e2a29f8ce3be88daae737173169d49581c15964addc311a2e5,CVE-2018-18925,building,2,web_application,RCE,initial_access,False,False,False,True,False,False,False,False,False,False,False,False,False,False,schema_v3; source_bundle_complete; source_bundle_hashed; runtime_spec_explicit; runtime_ready; runtime_build_reproducible; flag_contract_explicit; validation_contract_explicit; native_verified; service_contract_complete; verified_capability; guide_ready_valid; orchestrated_environment_verified,
2026-07-30T17:05:00.766779+00:00,1649e1ba411a85e2a29f8ce3be88daae737173169d49581c15964addc311a2e5,CVE-2018-19475,completed,3,web_application,RCE,execution,True,True,True,True,True,True,True,True,True,True,True,True,True,True,,
2026-07-30T17:05:00.766779+00:00,1649e1ba411a85e2a29f8ce3be88daae737173169d49581c15964addc311a2e5,CVE-2018-19518,building,2,web_application,RCE,initial_access,False,True,True,True,True,False,False,True,True,False,True,False,False,False,schema_v3; runtime_ready; runtime_build_reproducible; native_verified; verified_capability; guide_ready_valid; orchestrated_environment_verified,
2026-07-30T17:05:00.766779+00:00,1649e1ba411a85e2a29f8ce3be88daae737173169d49581c15964addc311a2e5,CVE-2018-2628,building,2,middleware,RCE,initial_access,False,False,False,True,False,False,False,False,False,False,False,False,False,False,schema_v3; source_bundle_complete; source_bundle_hashed; runtime_spec_explicit; runtime_ready; runtime_build_reproducible; flag_contract_explicit; validation_contract_explicit; native_verified; service_contract_complete; verified_capability; guide_ready_valid; orchestrated_environment_verified,
2026-07-30T17:05:00.766779+00:00,1649e1ba411a85e2a29f8ce3be88daae737173169d49581c15964addc311a2e5,CVE-2018-2894,building,3,web_application,RCE,initial_access,True,True,True,True,True,False,False,True,True,True,True,True,True,True,runtime_ready; runtime_build_reproducible,
2026-07-30T17:05:00.766779+00:00,1649e1ba411a85e2a29f8ce3be88daae737173169d49581c15964addc311a2e5,CVE-2018-3760,building,2,web_application,LFI,initial_access,False,True,True,True,True,False,False,True,True,False,True,False,False,False,schema_v3; runtime_ready; runtime_build_reproducible; native_verified; verified_capability; guide_ready_valid; orchestrated_environment_verified,
2026-07-30T17:05:00.766779+00:00,1649e1ba411a85e2a29f8ce3be88daae737173169d49581c15964addc311a2e5,CVE-2018-7490,building,2,web_application,LFI,initial_access,False,True,True,True,True,False,False,True,True,False,True,False,False,False,schema_v3; runtime_ready; runtime_build_reproducible; native_verified; verified_capability; guide_ready_valid; orchestrated_environment_verified,
2026-07-30T17:05:00.766779+00:00,1649e1ba411a85e2a29f8ce3be88daae737173169d49581c15964addc311a2e5,CVE-2018-7600,building,3,web_application,RCE,initial_access,True,True,True,True,True,True,True,True,True,False,True,False,False,False,native_verified; verified_capability; guide_ready_valid; orchestrated_environment_verified,
2026-07-30T17:05:00.766779+00:00,1649e1ba411a85e2a29f8ce3be88daae737173169d49581c15964addc311a2e5,CVE-2018-7602,building,2,web_application,RCE,initial_access,False,False,False,True,False,False,False,False,False,False,False,False,False,False,schema_v3; source_bundle_complete; source_bundle_hashed; runtime_spec_explicit; runtime_ready; runtime_build_reproducible; flag_contract_explicit; validation_contract_explicit; native_verified; service_contract_complete; verified_capability; guide_ready_valid; orchestrated_environment_verified,
2026-07-30T17:05:00.766779+00:00,1649e1ba411a85e2a29f8ce3be88daae737173169d49581c15964addc311a2e5,CVE-2018-8715,building,2,web_application,Auth_Bypass,initial_access,False,False,False,True,False,False,False,False,False,False,False,False,False,False,schema_v3; source_bundle_complete; source_bundle_hashed; runtime_spec_explicit; runtime_ready; runtime_build_reproducible; flag_contract_explicit; validation_contract_explicit; native_verified; service_contract_complete; verified_capability; guide_ready_valid; orchestrated_environment_verified,
2026-07-30T17:05:00.766779+00:00,1649e1ba411a85e2a29f8ce3be88daae737173169d49581c15964addc311a2e5,CVE-2019-0193,completed,3,web_application,RCE,initial_access,True,True,True,True,True,True,True,True,True,True,True,True,True,True,,
2026-07-30T17:05:00.766779+00:00,1649e1ba411a85e2a29f8ce3be88daae737173169d49581c15964addc311a2e5,CVE-2019-10758,completed,3,database,RCE,initial_access,True,True,True,True,True,True,True,True,True,True,True,True,True,True,,
2026-07-30T17:05:00.766779+00:00,1649e1ba411a85e2a29f8ce3be88daae737173169d49581c15964addc311a2e5,CVE-2019-11043,completed,3,middleware,RCE,initial_access,True,True,True,True,True,True,True,True,True,True,True,True,True,True,,
2026-07-30T17:05:00.766779+00:00,1649e1ba411a85e2a29f8ce3be88daae737173169d49581c15964addc311a2e5,CVE-2019-11581,building,2,web_application,RCE,initial_access,False,False,False,True,False,False,False,False,False,False,False,False,False,False,schema_v3; source_bundle_complete; source_bundle_hashed; runtime_spec_explicit; runtime_ready; runtime_build_reproducible; flag_contract_explicit; validation_contract_explicit; native_verified; service_contract_complete; verified_capability; guide_ready_valid; orchestrated_environment_verified,
2026-07-30T17:05:00.766779+00:00,1649e1ba411a85e2a29f8ce3be88daae737173169d49581c15964addc311a2e5,CVE-2019-14234,building,2,web_application,Injection,initial_access,False,False,False,True,False,False,False,False,False,False,False,False,False,False,schema_v3; source_bundle_complete; source_bundle_hashed; runtime_spec_explicit; runtime_ready; runtime_build_reproducible; flag_contract_explicit; validation_contract_explicit; native_verified; service_contract_complete; verified_capability; guide_ready_valid; orchestrated_environment_verified,
2026-07-30T17:05:00.766779+00:00,1649e1ba411a85e2a29f8ce3be88daae737173169d49581c15964addc311a2e5,CVE-2019-15107,building,2,web_application,RCE,initial_access,False,True,True,True,True,False,False,True,True,False,True,False,False,False,schema_v3; runtime_ready; runtime_build_reproducible; native_verified; verified_capability; guide_ready_valid; orchestrated_environment_verified,
2026-07-30T17:05:00.766779+00:00,1649e1ba411a85e2a29f8ce3be88daae737173169d49581c15964addc311a2e5,CVE-2019-17558,completed,3,web_application,RCE,initial_access,True,True,True,True,True,True,True,True,True,True,True,True,True,True,,
2026-07-30T17:05:00.766779+00:00,1649e1ba411a85e2a29f8ce3be88daae737173169d49581c15964addc311a2e5,CVE-2019-17564,building,2,web_application,RCE,initial_access,False,True,True,True,True,False,False,True,True,False,True,False,False,False,schema_v3; runtime_ready; runtime_build_reproducible; native_verified; verified_capability; guide_ready_valid; orchestrated_environment_verified,
2026-07-30T17:05:00.766779+00:00,1649e1ba411a85e2a29f8ce3be88daae737173169d49581c15964addc311a2e5,CVE-2019-20933,building,2,database,Auth_Bypass,initial_access,False,False,False,True,False,False,False,False,False,False,False,False,False,False,schema_v3; source_bundle_complete; source_bundle_hashed; runtime_spec_explicit; runtime_ready; runtime_build_reproducible; flag_contract_explicit; validation_contract_explicit; native_verified; service_contract_complete; verified_capability; guide_ready_valid; orchestrated_environment_verified,
2026-07-30T17:05:00.766779+00:00,1649e1ba411a85e2a29f8ce3be88daae737173169d49581c15964addc311a2e5,CVE-2019-3396,building,2,web_application,RCE,initial_access,False,False,False,True,False,False,False,False,False,False,False,False,False,False,schema_v3; source_bundle_complete; source_bundle_hashed; runtime_spec_explicit; runtime_ready; runtime_build_reproducible; flag_contract_explicit; validation_contract_explicit; native_verified; service_contract_complete; verified_capability; guide_ready_valid; orchestrated_environment_verified,
2026-07-30T17:05:00.766779+00:00,1649e1ba411a85e2a29f8ce3be88daae737173169d49581c15964addc311a2e5,CVE-2019-5418,building,2,web_application,LFI,initial_access,False,True,True,True,True,False,False,True,True,False,True,False,False,False,schema_v3; runtime_ready; runtime_build_reproducible; native_verified; verified_capability; guide_ready_valid; orchestrated_environment_verified,
2026-07-30T17:05:00.766779+00:00,1649e1ba411a85e2a29f8ce3be88daae737173169d49581c15964addc311a2e5,CVE-2019-6116,building,2,web_application,RCE,initial_access,False,False,False,True,False,False,False,False,False,False,False,False,False,False,schema_v3; source_bundle_complete; source_bundle_hashed; runtime_spec_explicit; runtime_ready; runtime_build_reproducible; flag_contract_explicit; validation_contract_explicit; native_verified; service_contract_complete; verified_capability; guide_ready_valid; orchestrated_environment_verified,
2026-07-30T17:05:00.766779+00:00,1649e1ba411a85e2a29f8ce3be88daae737173169d49581c15964addc311a2e5,CVE-2019-6339,building,2,web_application,RCE,initial_access,False,False,False,True,False,False,False,False,False,False,False,False,False,False,schema_v3; source_bundle_complete; source_bundle_hashed; runtime_spec_explicit; runtime_ready; runtime_build_reproducible; flag_contract_explicit; validation_contract_explicit; native_verified; service_contract_complete; verified_capability; guide_ready_valid; orchestrated_environment_verified,
2026-07-30T17:05:00.766779+00:00,1649e1ba411a85e2a29f8ce3be88daae737173169d49581c15964addc311a2e5,CVE-2019-6341,building,2,web_application,RCE,initial_access,False,False,False,True,False,False,False,False,False,False,False,False,False,False,schema_v3; source_bundle_complete; source_bundle_hashed; runtime_spec_explicit; runtime_ready; runtime_build_reproducible; flag_contract_explicit; validation_contract_explicit; native_verified; service_contract_complete; verified_capability; guide_ready_valid; orchestrated_environment_verified,
2026-07-30T17:05:00.766779+00:00,1649e1ba411a85e2a29f8ce3be88daae737173169d49581c15964addc311a2e5,CVE-2019-7238,building,2,web_application,RCE,initial_access,False,True,True,True,True,False,False,True,True,False,False,False,False,False,schema_v3; runtime_ready; runtime_build_reproducible; native_verified; service_contract_complete; verified_capability; guide_ready_valid; orchestrated_environment_verified,
2026-07-30T17:05:00.766779+00:00,1649e1ba411a85e2a29f8ce3be88daae737173169d49581c15964addc311a2e5,CVE-2019-7609,building,2,web_application,RCE,initial_access,False,False,False,True,False,False,False,False,False,False,False,False,False,False,schema_v3; source_bundle_complete; source_bundle_hashed; runtime_spec_explicit; runtime_ready; runtime_build_reproducible; flag_contract_explicit; validation_contract_explicit; native_verified; service_contract_complete; verified_capability; guide_ready_valid; orchestrated_environment_verified,
2026-07-30T17:05:00.766779+00:00,1649e1ba411a85e2a29f8ce3be88daae737173169d49581c15964addc311a2e5,CVE-2019-9053,building,2,web_application,RCE,initial_access,False,False,False,True,False,False,False,False,False,False,False,False,False,False,schema_v3; source_bundle_complete; source_bundle_hashed; runtime_spec_explicit; runtime_ready; runtime_build_reproducible; flag_contract_explicit; validation_contract_explicit; native_verified; service_contract_complete; verified_capability; guide_ready_valid; orchestrated_environment_verified,
2026-07-30T17:05:00.766779+00:00,1649e1ba411a85e2a29f8ce3be88daae737173169d49581c15964addc311a2e5,CVE-2019-9193,completed,3,database,RCE,execution,True,True,True,True,True,True,True,True,True,True,True,True,True,True,,
2026-07-30T17:05:00.766779+00:00,1649e1ba411a85e2a29f8ce3be88daae737173169d49581c15964addc311a2e5,CVE-2020-10199,building,3,web_application,RCE,execution,True,True,True,True,True,False,False,True,True,True,False,True,True,True,runtime_ready; runtime_build_reproducible; service_contract_complete,
2026-07-30T17:05:00.766779+00:00,1649e1ba411a85e2a29f8ce3be88daae737173169d49581c15964addc311a2e5,CVE-2020-10204,building,2,web_application,RCE,initial_access,False,False,False,True,False,False,False,False,False,False,False,False,False,False,schema_v3; source_bundle_complete; source_bundle_hashed; runtime_spec_explicit; runtime_ready; runtime_build_reproducible; flag_contract_explicit; validation_contract_explicit; native_verified; service_contract_complete; verified_capability; guide_ready_valid; orchestrated_environment_verified,
2026-07-30T17:05:00.766779+00:00,1649e1ba411a85e2a29f8ce3be88daae737173169d49581c15964addc311a2e5,CVE-2020-11651,building,2,web_application,RCE,initial_access,False,False,False,True,False,False,False,False,False,False,False,False,False,False,schema_v3; source_bundle_complete; source_bundle_hashed; runtime_spec_explicit; runtime_ready; runtime_build_reproducible; flag_contract_explicit; validation_contract_explicit; native_verified; service_contract_complete; verified_capability; guide_ready_valid; orchestrated_environment_verified,
2026-07-30T17:05:00.766779+00:00,1649e1ba411a85e2a29f8ce3be88daae737173169d49581c15964addc311a2e5,CVE-2020-11652,building,2,middleware,RCE,initial_access,False,True,True,True,True,False,False,True,True,False,False,False,False,False,schema_v3; runtime_ready; runtime_build_reproducible; native_verified; service_contract_complete; verified_capability; guide_ready_valid; orchestrated_environment_verified,
2026-07-30T17:05:00.766779+00:00,1649e1ba411a85e2a29f8ce3be88daae737173169d49581c15964addc311a2e5,CVE-2020-11981,building,2,middleware,RCE,execution,False,True,True,True,True,False,False,True,True,False,True,False,False,False,schema_v3; runtime_ready; runtime_build_reproducible; native_verified; verified_capability; guide_ready_valid; orchestrated_environment_verified,
2026-07-30T17:05:00.766779+00:00,1649e1ba411a85e2a29f8ce3be88daae737173169d49581c15964addc311a2e5,CVE-2020-13942,building,2,web_application,RCE,initial_access,False,True,True,True,True,False,False,True,True,False,True,False,False,False,schema_v3; runtime_ready; runtime_build_reproducible; native_verified; verified_capability; guide_ready_valid; orchestrated_environment_verified,
2026-07-30T17:05:00.766779+00:00,1649e1ba411a85e2a29f8ce3be88daae737173169d49581c15964addc311a2e5,CVE-2020-13945,building,2,middleware,RCE,initial_access,False,True,True,True,True,False,False,True,True,False,True,False,False,False,schema_v3; runtime_ready; runtime_build_reproducible; native_verified; verified_capability; guide_ready_valid; orchestrated_environment_verified,
2026-07-30T17:05:00.766779+00:00,1649e1ba411a85e2a29f8ce3be88daae737173169d49581c15964addc311a2e5,CVE-2020-14882,building,2,web_application,RCE,initial_access,False,True,True,True,True,False,False,True,True,False,True,False,False,False,schema_v3; runtime_ready; runtime_build_reproducible; native_verified; verified_capability; guide_ready_valid; orchestrated_environment_verified,
2026-07-30T17:05:00.766779+00:00,1649e1ba411a85e2a29f8ce3be88daae737173169d49581c15964addc311a2e5,CVE-2020-15906,building,2,web_application,RCE,initial_access,False,False,False,True,False,False,False,False,False,False,False,False,False,False,schema_v3; source_bundle_complete; source_bundle_hashed; runtime_spec_explicit; runtime_ready; runtime_build_reproducible; flag_contract_explicit; validation_contract_explicit; native_verified; service_contract_complete; verified_capability; guide_ready_valid; orchestrated_environment_verified,
2026-07-30T17:05:00.766779+00:00,1649e1ba411a85e2a29f8ce3be88daae737173169d49581c15964addc311a2e5,CVE-2020-16846,building,2,web_application,RCE,initial_access,False,False,False,True,False,False,False,False,False,False,False,False,False,False,schema_v3; source_bundle_complete; source_bundle_hashed; runtime_spec_explicit; runtime_ready; runtime_build_reproducible; flag_contract_explicit; validation_contract_explicit; native_verified; service_contract_complete; verified_capability; guide_ready_valid; orchestrated_environment_verified,
2026-07-30T17:05:00.766779+00:00,1649e1ba411a85e2a29f8ce3be88daae737173169d49581c15964addc311a2e5,CVE-2020-17518,building,2,web_application,RCE,initial_access,False,False,False,True,False,False,False,False,False,False,False,False,False,False,schema_v3; source_bundle_complete; source_bundle_hashed; runtime_spec_explicit; runtime_ready; runtime_build_reproducible; flag_contract_explicit; validation_contract_explicit; native_verified; service_contract_complete; verified_capability; guide_ready_valid; orchestrated_environment_verified,
2026-07-30T17:05:00.766779+00:00,1649e1ba411a85e2a29f8ce3be88daae737173169d49581c15964addc311a2e5,CVE-2020-17519,building,2,web_application,LFI,initial_access,False,False,False,True,False,False,False,False,False,False,False,False,False,False,schema_v3; source_bundle_complete; source_bundle_hashed; runtime_spec_explicit; runtime_ready; runtime_build_reproducible; flag_contract_explicit; validation_contract_explicit; native_verified; service_contract_complete; verified_capability; guide_ready_valid; orchestrated_environment_verified,
2026-07-30T17:05:00.766779+00:00,1649e1ba411a85e2a29f8ce3be88daae737173169d49581c15964addc311a2e5,CVE-2020-17526,building,2,web_application,RCE,initial_access,False,False,False,True,False,False,False,False,False,False,False,False,False,False,schema_v3; source_bundle_complete; source_bundle_hashed; runtime_spec_explicit; runtime_ready; runtime_build_reproducible; flag_contract_explicit; validation_contract_explicit; native_verified; service_contract_complete; verified_capability; guide_ready_valid; orchestrated_environment_verified,
2026-07-30T17:05:00.766779+00:00,1649e1ba411a85e2a29f8ce3be88daae737173169d49581c15964addc311a2e5,CVE-2020-1938,building,2,middleware,RCE,initial_access,False,False,False,True,False,False,False,False,False,False,False,False,False,False,schema_v3; source_bundle_complete; source_bundle_hashed; runtime_spec_explicit; runtime_ready; runtime_build_reproducible; flag_contract_explicit; validation_contract_explicit; native_verified; service_contract_complete; verified_capability; guide_ready_valid; orchestrated_environment_verified,
2026-07-30T17:05:00.766779+00:00,1649e1ba411a85e2a29f8ce3be88daae737173169d49581c15964addc311a2e5,CVE-2020-1957,building,2,web_application,Auth_Bypass,initial_access,False,False,False,True,False,False,False,False,False,False,False,False,False,False,schema_v3; source_bundle_complete; source_bundle_hashed; runtime_spec_explicit; runtime_ready; runtime_build_reproducible; flag_contract_explicit; validation_contract_explicit; native_verified; service_contract_complete; verified_capability; guide_ready_valid; orchestrated_environment_verified,
2026-07-30T17:05:00.766779+00:00,1649e1ba411a85e2a29f8ce3be88daae737173169d49581c15964addc311a2e5,CVE-2020-35476,building,3,web_application,RCE,initial_access,True,True,True,True,True,True,True,True,True,True,True,False,True,True,verified_capability,
2026-07-30T17:05:00.766779+00:00,1649e1ba411a85e2a29f8ce3be88daae737173169d49581c15964addc311a2e5,CVE-2020-7012,building,2,web_application,RCE,initial_access,False,False,False,True,False,False,False,False,False,False,False,False,False,False,schema_v3; source_bundle_complete; source_bundle_hashed; runtime_spec_explicit; runtime_ready; runtime_build_reproducible; flag_contract_explicit; validation_contract_explicit; native_verified; service_contract_complete; verified_capability; guide_ready_valid; orchestrated_environment_verified,
2026-07-30T17:05:00.766779+00:00,1649e1ba411a85e2a29f8ce3be88daae737173169d49581c15964addc311a2e5,CVE-2020-7247,building,3,web_application,RCE,initial_access,True,True,True,True,True,True,True,True,True,False,True,False,False,False,native_verified; verified_capability; guide_ready_valid; orchestrated_environment_verified,
2026-07-30T17:05:00.766779+00:00,1649e1ba411a85e2a29f8ce3be88daae737173169d49581c15964addc311a2e5,CVE-2020-7961,building,2,web_application,RCE,initial_access,False,False,False,True,False,False,False,False,False,False,False,False,False,False,schema_v3; source_bundle_complete; source_bundle_hashed; runtime_spec_explicit; runtime_ready; runtime_build_reproducible; flag_contract_explicit; validation_contract_explicit; native_verified; service_contract_complete; verified_capability; guide_ready_valid; orchestrated_environment_verified,
2026-07-30T17:05:00.766779+00:00,1649e1ba411a85e2a29f8ce3be88daae737173169d49581c15964addc311a2e5,CVE-2020-9402,building,2,database,RCE,initial_access,False,False,False,True,False,False,False,False,False,False,False,False,False,False,schema_v3; source_bundle_complete; source_bundle_hashed; runtime_spec_explicit; runtime_ready; runtime_build_reproducible; flag_contract_explicit; validation_contract_explicit; native_verified; service_contract_complete; verified_capability; guide_ready_valid; orchestrated_environment_verified,
2026-07-30T17:05:00.766779+00:00,1649e1ba411a85e2a29f8ce3be88daae737173169d49581c15964addc311a2e5,CVE-2020-9496,building,2,web_application,RCE,initial_access,False,False,False,True,False,False,False,False,False,False,False,False,False,False,schema_v3; source_bundle_complete; source_bundle_hashed; runtime_spec_explicit; runtime_ready; runtime_build_reproducible; flag_contract_explicit; validation_contract_explicit; native_verified; service_contract_complete; verified_capability; guide_ready_valid; orchestrated_environment_verified,
2026-07-30T17:05:00.766779+00:00,1649e1ba411a85e2a29f8ce3be88daae737173169d49581c15964addc311a2e5,CVE-2021-21311,building,2,web_application,RCE,initial_access,False,False,False,True,False,False,False,False,False,False,False,False,False,False,schema_v3; source_bundle_complete; source_bundle_hashed; runtime_spec_explicit; runtime_ready; runtime_build_reproducible; flag_contract_explicit; validation_contract_explicit; native_verified; service_contract_complete; verified_capability; guide_ready_valid; orchestrated_environment_verified,
2026-07-30T17:05:00.766779+00:00,1649e1ba411a85e2a29f8ce3be88daae737173169d49581c15964addc311a2e5,CVE-2021-21351,building,2,web_application,RCE,initial_access,False,False,False,True,False,False,False,False,False,False,False,False,False,False,schema_v3; source_bundle_complete; source_bundle_hashed; runtime_spec_explicit; runtime_ready; runtime_build_reproducible; flag_contract_explicit; validation_contract_explicit; native_verified; service_contract_complete; verified_capability; guide_ready_valid; orchestrated_environment_verified,
2026-07-30T17:05:00.766779+00:00,1649e1ba411a85e2a29f8ce3be88daae737173169d49581c15964addc311a2e5,CVE-2021-22205,building,2,web_application,RCE,initial_access,False,False,False,True,False,False,False,False,False,False,False,False,False,False,schema_v3; source_bundle_complete; source_bundle_hashed; runtime_spec_explicit; runtime_ready; runtime_build_reproducible; flag_contract_explicit; validation_contract_explicit; native_verified; service_contract_complete; verified_capability; guide_ready_valid; orchestrated_environment_verified,
2026-07-30T17:05:00.766779+00:00,1649e1ba411a85e2a29f8ce3be88daae737173169d49581c15964addc311a2e5,CVE-2021-22911,building,2,web_application,RCE,initial_access,False,False,False,True,False,False,False,False,False,False,False,False,False,False,schema_v3; source_bundle_complete; source_bundle_hashed; runtime_spec_explicit; runtime_ready; runtime_build_reproducible; flag_contract_explicit; validation_contract_explicit; native_verified; service_contract_complete; verified_capability; guide_ready_valid; orchestrated_environment_verified,
2026-07-30T17:05:00.766779+00:00,1649e1ba411a85e2a29f8ce3be88daae737173169d49581c15964addc311a2e5,CVE-2021-23592,building,3,web_application,RCE,initial_access,True,False,False,True,True,False,False,True,True,False,False,False,False,False,source_bundle_complete; source_bundle_hashed; runtime_ready; runtime_build_reproducible; native_verified; service_contract_complete; verified_capability; guide_ready_valid; orchestrated_environment_verified,
2026-07-30T17:05:00.766779+00:00,1649e1ba411a85e2a29f8ce3be88daae737173169d49581c15964addc311a2e5,CVE-2021-25646,completed,3,web_application,RCE,initial_access,True,True,True,True,True,True,True,True,True,True,True,True,True,True,,
2026-07-30T17:05:00.766779+00:00,1649e1ba411a85e2a29f8ce3be88daae737173169d49581c15964addc311a2e5,CVE-2021-26084,building,3,web_application,RCE,initial_access,True,True,True,True,True,True,True,True,True,False,True,False,False,False,native_verified; verified_capability; guide_ready_valid; orchestrated_environment_verified,
2026-07-30T17:05:00.766779+00:00,1649e1ba411a85e2a29f8ce3be88daae737173169d49581c15964addc311a2e5,CVE-2021-26120,building,2,web_application,RCE,initial_access,False,False,False,True,False,False,False,False,False,False,False,False,False,False,schema_v3; source_bundle_complete; source_bundle_hashed; runtime_spec_explicit; runtime_ready; runtime_build_reproducible; flag_contract_explicit; validation_contract_explicit; native_verified; service_contract_complete; verified_capability; guide_ready_valid; orchestrated_environment_verified,
2026-07-30T17:05:00.766779+00:00,1649e1ba411a85e2a29f8ce3be88daae737173169d49581c15964addc311a2e5,CVE-2021-27341,building,3,web_application,RCE,initial_access,True,False,True,True,True,False,False,True,True,False,False,False,False,False,source_bundle_complete; runtime_ready; runtime_build_reproducible; native_verified; service_contract_complete; verified_capability; guide_ready_valid; orchestrated_environment_verified,
2026-07-30T17:05:00.766779+00:00,1649e1ba411a85e2a29f8ce3be88daae737173169d49581c15964addc311a2e5,CVE-2021-28073,building,2,web_application,Auth_Bypass,initial_access,False,False,False,True,False,False,False,False,False,False,False,False,False,False,schema_v3; source_bundle_complete; source_bundle_hashed; runtime_spec_explicit; runtime_ready; runtime_build_reproducible; flag_contract_explicit; validation_contract_explicit; native_verified; service_contract_complete; verified_capability; guide_ready_valid; orchestrated_environment_verified,
2026-07-30T17:05:00.766779+00:00,1649e1ba411a85e2a29f8ce3be88daae737173169d49581c15964addc311a2e5,CVE-2021-28164,building,2,web_application,Info_Leak,initial_access,False,False,False,True,False,False,False,False,False,False,False,False,False,False,schema_v3; source_bundle_complete; source_bundle_hashed; runtime_spec_explicit; runtime_ready; runtime_build_reproducible; flag_contract_explicit; validation_contract_explicit; native_verified; service_contract_complete; verified_capability; guide_ready_valid; orchestrated_environment_verified,
2026-07-30T17:05:00.766779+00:00,1649e1ba411a85e2a29f8ce3be88daae737173169d49581c15964addc311a2e5,CVE-2021-28169,building,2,web_application,Info_Leak,discovery,False,False,False,True,False,False,False,False,False,False,False,False,False,False,schema_v3; source_bundle_complete; source_bundle_hashed; runtime_spec_explicit; runtime_ready; runtime_build_reproducible; flag_contract_explicit; validation_contract_explicit; native_verified; service_contract_complete; verified_capability; guide_ready_valid; orchestrated_environment_verified,
2026-07-30T17:05:00.766779+00:00,1649e1ba411a85e2a29f8ce3be88daae737173169d49581c15964addc311a2e5,CVE-2021-29441,building,2,web_application,RCE,initial_access,False,False,False,True,False,False,False,False,False,False,False,False,False,False,schema_v3; source_bundle_complete; source_bundle_hashed; runtime_spec_explicit; runtime_ready; runtime_build_reproducible; flag_contract_explicit; validation_contract_explicit; native_verified; service_contract_complete; verified_capability; guide_ready_valid; orchestrated_environment_verified,
2026-07-30T17:05:00.766779+00:00,1649e1ba411a85e2a29f8ce3be88daae737173169d49581c15964addc311a2e5,CVE-2021-29442,building,2,web_application,RCE,initial_access,False,False,False,True,False,False,False,False,False,False,False,False,False,False,schema_v3; source_bundle_complete; source_bundle_hashed; runtime_spec_explicit; runtime_ready; runtime_build_reproducible; flag_contract_explicit; validation_contract_explicit; native_verified; service_contract_complete; verified_capability; guide_ready_valid; orchestrated_environment_verified,
2026-07-30T17:05:00.766779+00:00,1649e1ba411a85e2a29f8ce3be88daae737173169d49581c15964addc311a2e5,CVE-2021-29505,building,2,web_application,RCE,initial_access,False,False,False,True,False,False,False,False,False,False,False,False,False,False,schema_v3; source_bundle_complete; source_bundle_hashed; runtime_spec_explicit; runtime_ready; runtime_build_reproducible; flag_contract_explicit; validation_contract_explicit; native_verified; service_contract_complete; verified_capability; guide_ready_valid; orchestrated_environment_verified,
2026-07-30T17:05:00.766779+00:00,1649e1ba411a85e2a29f8ce3be88daae737173169d49581c15964addc311a2e5,CVE-2021-3129,building,2,framework,RCE,initial_access,False,False,False,True,False,False,False,False,False,False,False,False,False,False,schema_v3; source_bundle_complete; source_bundle_hashed; runtime_spec_explicit; runtime_ready; runtime_build_reproducible; flag_contract_explicit; validation_contract_explicit; native_verified; service_contract_complete; verified_capability; guide_ready_valid; orchestrated_environment_verified,
2026-07-30T17:05:00.766779+00:00,1649e1ba411a85e2a29f8ce3be88daae737173169d49581c15964addc311a2e5,CVE-2021-32568,building,3,web_application,Deserialization,initial_access,True,False,False,True,True,False,False,True,True,True,True,True,True,False,source_bundle_complete; source_bundle_hashed; runtime_ready; runtime_build_reproducible; orchestrated_environment_verified,
2026-07-30T17:05:00.766779+00:00,1649e1ba411a85e2a29f8ce3be88daae737173169d49581c15964addc311a2e5,CVE-2021-32682,completed,3,web_application,RCE,initial_access,True,True,True,True,True,True,True,True,True,True,True,True,True,True,,
2026-07-30T17:05:00.766779+00:00,1649e1ba411a85e2a29f8ce3be88daae737173169d49581c15964addc311a2e5,CVE-2021-34371,building,2,web_application,RCE,initial_access,False,False,False,True,False,False,False,False,False,False,False,False,False,False,schema_v3; source_bundle_complete; source_bundle_hashed; runtime_spec_explicit; runtime_ready; runtime_build_reproducible; flag_contract_explicit; validation_contract_explicit; native_verified; service_contract_complete; verified_capability; guide_ready_valid; orchestrated_environment_verified,
2026-07-30T17:05:00.766779+00:00,1649e1ba411a85e2a29f8ce3be88daae737173169d49581c15964addc311a2e5,CVE-2021-34429,building,2,web_application,Info_Leak,discovery,False,False,False,True,False,False,False,False,False,False,False,False,False,False,schema_v3; source_bundle_complete; source_bundle_hashed; runtime_spec_explicit; runtime_ready; runtime_build_reproducible; flag_contract_explicit; validation_contract_explicit; native_verified; service_contract_complete; verified_capability; guide_ready_valid; orchestrated_environment_verified,
2026-07-30T17:05:00.766779+00:00,1649e1ba411a85e2a29f8ce3be88daae737173169d49581c15964addc311a2e5,CVE-2021-35042,building,2,web_application,Injection,initial_access,False,False,False,True,False,False,False,False,False,False,False,False,False,False,schema_v3; source_bundle_complete; source_bundle_hashed; runtime_spec_explicit; runtime_ready; runtime_build_reproducible; flag_contract_explicit; validation_contract_explicit; native_verified; service_contract_complete; verified_capability; guide_ready_valid; orchestrated_environment_verified,
2026-07-30T17:05:00.766779+00:00,1649e1ba411a85e2a29f8ce3be88daae737173169d49581c15964addc311a2e5,CVE-2021-4034,building,2,system_service,RCE,initial_access,False,False,False,True,False,False,False,False,False,False,False,False,False,False,schema_v3; source_bundle_complete; source_bundle_hashed; runtime_spec_explicit; runtime_ready; runtime_build_reproducible; flag_contract_explicit; validation_contract_explicit; native_verified; service_contract_complete; verified_capability; guide_ready_valid; orchestrated_environment_verified,
2026-07-30T17:05:00.766779+00:00,1649e1ba411a85e2a29f8ce3be88daae737173169d49581c15964addc311a2e5,CVE-2021-40438,building,3,web_application,SSRF,initial_access,True,True,True,True,True,False,False,True,True,True,True,True,False,True,runtime_ready; runtime_build_reproducible; guide_ready_valid,
2026-07-30T17:05:00.766779+00:00,1649e1ba411a85e2a29f8ce3be88daae737173169d49581c15964addc311a2e5,CVE-2021-40822,building,2,web_application,SSRF,initial_access,False,False,False,True,False,False,False,False,False,False,False,False,False,False,schema_v3; source_bundle_complete; source_bundle_hashed; runtime_spec_explicit; runtime_ready; runtime_build_reproducible; flag_contract_explicit; validation_contract_explicit; native_verified; service_contract_complete; verified_capability; guide_ready_valid; orchestrated_environment_verified,
2026-07-30T17:05:00.766779+00:00,1649e1ba411a85e2a29f8ce3be88daae737173169d49581c15964addc311a2e5,CVE-2021-41277,building,2,web_application,LFI,initial_access,False,False,False,True,False,False,False,False,False,False,True,False,False,False,schema_v3; source_bundle_complete; source_bundle_hashed; runtime_spec_explicit; runtime_ready; runtime_build_reproducible; flag_contract_explicit; validation_contract_explicit; native_verified; verified_capability; guide_ready_valid; orchestrated_environment_verified,
2026-07-30T17:05:00.766779+00:00,1649e1ba411a85e2a29f8ce3be88daae737173169d49581c15964addc311a2e5,CVE-2021-41773,building,2,web_application,RCE,initial_access,False,False,False,True,False,False,False,False,False,False,False,False,False,False,schema_v3; source_bundle_complete; source_bundle_hashed; runtime_spec_explicit; runtime_ready; runtime_build_reproducible; flag_contract_explicit; validation_contract_explicit; native_verified; service_contract_complete; verified_capability; guide_ready_valid; orchestrated_environment_verified,
2026-07-30T17:05:00.766779+00:00,1649e1ba411a85e2a29f8ce3be88daae737173169d49581c15964addc311a2e5,CVE-2021-42013,completed,3,web_application,RCE,initial_access,True,True,True,True,True,True,True,True,True,True,True,True,True,True,,
2026-07-30T17:05:00.766779+00:00,1649e1ba411a85e2a29f8ce3be88daae737173169d49581c15964addc311a2e5,CVE-2021-42342,building,2,web_application,RCE,initial_access,False,True,True,True,True,False,False,True,True,False,True,False,False,False,schema_v3; runtime_ready; runtime_build_reproducible; native_verified; verified_capability; guide_ready_valid; orchestrated_environment_verified,
2026-07-30T17:05:00.766779+00:00,1649e1ba411a85e2a29f8ce3be88daae737173169d49581c15964addc311a2e5,CVE-2021-42392,building,3,framework,RCE,initial_access,True,True,True,True,True,True,True,True,True,False,True,False,False,False,native_verified; verified_capability; guide_ready_valid; orchestrated_environment_verified,
2026-07-30T17:05:00.766779+00:00,1649e1ba411a85e2a29f8ce3be88daae737173169d49581c15964addc311a2e5,CVE-2021-43008,building,2,web_application,RCE,initial_access,False,True,True,True,True,False,False,True,True,False,True,False,False,False,schema_v3; runtime_ready; runtime_build_reproducible; native_verified; verified_capability; guide_ready_valid; orchestrated_environment_verified,
2026-07-30T17:05:00.766779+00:00,1649e1ba411a85e2a29f8ce3be88daae737173169d49581c15964addc311a2e5,CVE-2021-43798,building,2,web_application,LFI,initial_access,False,True,True,True,True,False,False,True,True,False,True,False,False,False,schema_v3; runtime_ready; runtime_build_reproducible; native_verified; verified_capability; guide_ready_valid; orchestrated_environment_verified,
2026-07-30T17:05:00.766779+00:00,1649e1ba411a85e2a29f8ce3be88daae737173169d49581c15964addc311a2e5,CVE-2021-44228,building,2,middleware,RCE,initial_access,False,False,False,True,False,False,False,False,False,False,False,False,False,False,schema_v3; source_bundle_complete; source_bundle_hashed; runtime_spec_explicit; runtime_ready; runtime_build_reproducible; flag_contract_explicit; validation_contract_explicit; native_verified; service_contract_complete; verified_capability; guide_ready_valid; orchestrated_environment_verified,
2026-07-30T17:05:00.766779+00:00,1649e1ba411a85e2a29f8ce3be88daae737173169d49581c15964addc311a2e5,CVE-2021-45232,building,2,web_application,RCE,initial_access,False,False,False,True,False,False,False,False,False,False,False,False,False,False,schema_v3; source_bundle_complete; source_bundle_hashed; runtime_spec_explicit; runtime_ready; runtime_build_reproducible; flag_contract_explicit; validation_contract_explicit; native_verified; service_contract_complete; verified_capability; guide_ready_valid; orchestrated_environment_verified,
2026-07-30T17:05:00.766779+00:00,1649e1ba411a85e2a29f8ce3be88daae737173169d49581c15964addc311a2e5,CVE-2021-45788,building,2,web_application,Injection,initial_access,False,False,False,True,False,False,False,False,False,False,False,False,False,False,schema_v3; source_bundle_complete; source_bundle_hashed; runtime_spec_explicit; runtime_ready; runtime_build_reproducible; flag_contract_explicit; validation_contract_explicit; native_verified; service_contract_complete; verified_capability; guide_ready_valid; orchestrated_environment_verified,
2026-07-30T17:05:00.766779+00:00,1649e1ba411a85e2a29f8ce3be88daae737173169d49581c15964addc311a2e5,CVE-2022-0543,completed,3,middleware,RCE,initial_access,True,True,True,True,True,True,True,True,True,True,True,True,True,True,,
2026-07-30T17:05:00.766779+00:00,1649e1ba411a85e2a29f8ce3be88daae737173169d49581c15964addc311a2e5,CVE-2022-0778,building,2,web_application,RCE,initial_access,False,False,False,True,False,False,False,False,False,False,False,False,False,False,schema_v3; source_bundle_complete; source_bundle_hashed; runtime_spec_explicit; runtime_ready; runtime_build_reproducible; flag_contract_explicit; validation_contract_explicit; native_verified; service_contract_complete; verified_capability; guide_ready_valid; orchestrated_environment_verified,
2026-07-30T17:05:00.766779+00:00,1649e1ba411a85e2a29f8ce3be88daae737173169d49581c15964addc311a2e5,CVE-2022-22947,building,2,web_application,RCE,initial_access,False,False,False,True,False,False,False,False,False,False,False,False,False,False,schema_v3; source_bundle_complete; source_bundle_hashed; runtime_spec_explicit; runtime_ready; runtime_build_reproducible; flag_contract_explicit; validation_contract_explicit; native_verified; service_contract_complete; verified_capability; guide_ready_valid; orchestrated_environment_verified,
2026-07-30T17:05:00.766779+00:00,1649e1ba411a85e2a29f8ce3be88daae737173169d49581c15964addc311a2e5,CVE-2022-22963,building,2,web_application,RCE,initial_access,False,True,True,True,True,False,False,True,True,False,True,False,False,False,schema_v3; runtime_ready; runtime_build_reproducible; native_verified; verified_capability; guide_ready_valid; orchestrated_environment_verified,
2026-07-30T17:05:00.766779+00:00,1649e1ba411a85e2a29f8ce3be88daae737173169d49581c15964addc311a2e5,CVE-2022-22965,completed,3,web_application,RCE,initial_access,True,True,True,True,True,True,True,True,True,True,True,True,True,True,,
2026-07-30T17:05:00.766779+00:00,1649e1ba411a85e2a29f8ce3be88daae737173169d49581c15964addc311a2e5,CVE-2022-22978,building,2,web_application,Auth_Bypass,initial_access,False,False,False,True,False,False,False,False,False,False,False,False,False,False,schema_v3; source_bundle_complete; source_bundle_hashed; runtime_spec_explicit; runtime_ready; runtime_build_reproducible; flag_contract_explicit; validation_contract_explicit; native_verified; service_contract_complete; verified_capability; guide_ready_valid; orchestrated_environment_verified,
2026-07-30T17:05:00.766779+00:00,1649e1ba411a85e2a29f8ce3be88daae737173169d49581c15964addc311a2e5,CVE-2022-23221,building,2,web_application,RCE,initial_access,False,True,True,True,True,False,False,True,True,False,True,False,False,False,schema_v3; runtime_ready; runtime_build_reproducible; native_verified; verified_capability; guide_ready_valid; orchestrated_environment_verified,
2026-07-30T17:05:00.766779+00:00,1649e1ba411a85e2a29f8ce3be88daae737173169d49581c15964addc311a2e5,CVE-2022-24706,building,3,database,RCE,initial_access,True,True,True,True,True,True,True,True,True,False,True,False,True,False,native_verified; verified_capability; orchestrated_environment_verified,
2026-07-30T17:05:00.766779+00:00,1649e1ba411a85e2a29f8ce3be88daae737173169d49581c15964addc311a2e5,CVE-2022-24816,completed,3,web_application,RCE,initial_access,True,True,True,True,True,True,True,True,True,True,True,True,True,True,,
2026-07-30T17:05:00.766779+00:00,1649e1ba411a85e2a29f8ce3be88daae737173169d49581c15964addc311a2e5,CVE-2022-26134,building,3,web_application,RCE,initial_access,True,True,True,True,True,True,True,True,True,False,True,False,False,False,native_verified; verified_capability; guide_ready_valid; orchestrated_environment_verified,
2026-07-30T17:05:00.766779+00:00,1649e1ba411a85e2a29f8ce3be88daae737173169d49581c15964addc311a2e5,CVE-2022-34265,building,2,web_application,Injection,initial_access,False,False,False,True,False,False,False,False,False,False,False,False,False,False,schema_v3; source_bundle_complete; source_bundle_hashed; runtime_spec_explicit; runtime_ready; runtime_build_reproducible; flag_contract_explicit; validation_contract_explicit; native_verified; service_contract_complete; verified_capability; guide_ready_valid; orchestrated_environment_verified,
2026-07-30T17:05:00.766779+00:00,1649e1ba411a85e2a29f8ce3be88daae737173169d49581c15964addc311a2e5,CVE-2022-41678,completed,3,web_application,RCE,initial_access,True,True,True,True,True,True,True,True,True,True,True,True,True,True,,
2026-07-30T17:05:00.766779+00:00,1649e1ba411a85e2a29f8ce3be88daae737173169d49581c15964addc311a2e5,CVE-2022-4223,building,2,web_application,RCE,initial_access,False,True,True,True,True,False,False,True,True,False,True,False,False,False,schema_v3; runtime_ready; runtime_build_reproducible; native_verified; verified_capability; guide_ready_valid; orchestrated_environment_verified,
2026-07-30T17:05:00.766779+00:00,1649e1ba411a85e2a29f8ce3be88daae737173169d49581c15964addc311a2e5,CVE-2022-44268,building,2,web_application,LFI,initial_access,False,True,True,True,True,False,False,True,True,False,True,False,False,False,schema_v3; runtime_ready; runtime_build_reproducible; native_verified; verified_capability; guide_ready_valid; orchestrated_environment_verified,
2026-07-30T17:05:00.766779+00:00,1649e1ba411a85e2a29f8ce3be88daae737173169d49581c15964addc311a2e5,CVE-2022-44645,building,2,web_application,RCE,initial_access,False,False,False,True,False,False,False,False,False,False,False,False,False,False,schema_v3; source_bundle_complete; source_bundle_hashed; runtime_spec_explicit; runtime_ready; runtime_build_reproducible; flag_contract_explicit; validation_contract_explicit; native_verified; service_contract_complete; verified_capability; guide_ready_valid; orchestrated_environment_verified,
2026-07-30T17:05:00.766779+00:00,1649e1ba411a85e2a29f8ce3be88daae737173169d49581c15964addc311a2e5,CVE-2022-46169,building,2,web_application,RCE,initial_access,False,False,False,True,False,False,False,False,False,False,False,False,False,False,schema_v3; source_bundle_complete; source_bundle_hashed; runtime_spec_explicit; runtime_ready; runtime_build_reproducible; flag_contract_explicit; validation_contract_explicit; native_verified; service_contract_complete; verified_capability; guide_ready_valid; orchestrated_environment_verified,
2026-07-30T17:05:00.766779+00:00,1649e1ba411a85e2a29f8ce3be88daae737173169d49581c15964addc311a2e5,CVE-2023-2160,building,3,web_application,RCE,initial_access,True,False,False,True,True,False,False,True,True,False,False,False,False,False,source_bundle_complete; source_bundle_hashed; runtime_ready; runtime_build_reproducible; native_verified; service_contract_complete; verified_capability; guide_ready_valid; orchestrated_environment_verified,
2026-07-30T17:05:00.766779+00:00,1649e1ba411a85e2a29f8ce3be88daae737173169d49581c15964addc311a2e5,CVE-2023-21839,building,2,middleware,RCE,initial_access,False,False,False,True,False,False,False,False,False,False,False,False,False,False,schema_v3; source_bundle_complete; source_bundle_hashed; runtime_spec_explicit; runtime_ready; runtime_build_reproducible; flag_contract_explicit; validation_contract_explicit; native_verified; service_contract_complete; verified_capability; guide_ready_valid; orchestrated_environment_verified,
2026-07-30T17:05:00.766779+00:00,1649e1ba411a85e2a29f8ce3be88daae737173169d49581c15964addc311a2e5,CVE-2023-22515,building,3,web_application,Auth_Bypass,initial_access,True,True,True,True,True,True,True,True,True,False,True,False,True,False,native_verified; verified_capability; orchestrated_environment_verified,
2026-07-30T17:05:00.766779+00:00,1649e1ba411a85e2a29f8ce3be88daae737173169d49581c15964addc311a2e5,CVE-2023-22527,building,2,web_application,RCE,initial_access,False,False,False,True,False,False,False,False,False,False,False,False,False,False,schema_v3; source_bundle_complete; source_bundle_hashed; runtime_spec_explicit; runtime_ready; runtime_build_reproducible; flag_contract_explicit; validation_contract_explicit; native_verified; service_contract_complete; verified_capability; guide_ready_valid; orchestrated_environment_verified,
2026-07-30T17:05:00.766779+00:00,1649e1ba411a85e2a29f8ce3be88daae737173169d49581c15964addc311a2e5,CVE-2023-23752,building,2,web_application,RCE,initial_access,False,False,False,True,False,False,False,False,False,False,False,False,False,False,schema_v3; source_bundle_complete; source_bundle_hashed; runtime_spec_explicit; runtime_ready; runtime_build_reproducible; flag_contract_explicit; validation_contract_explicit; native_verified; service_contract_complete; verified_capability; guide_ready_valid; orchestrated_environment_verified,
2026-07-30T17:05:00.766779+00:00,1649e1ba411a85e2a29f8ce3be88daae737173169d49581c15964addc311a2e5,CVE-2023-25157,building,2,web_application,Injection,initial_access,False,False,False,True,False,False,False,False,False,False,False,False,False,False,schema_v3; source_bundle_complete; source_bundle_hashed; runtime_spec_explicit; runtime_ready; runtime_build_reproducible; flag_contract_explicit; validation_contract_explicit; native_verified; service_contract_complete; verified_capability; guide_ready_valid; orchestrated_environment_verified,
2026-07-30T17:05:00.766779+00:00,1649e1ba411a85e2a29f8ce3be88daae737173169d49581c15964addc311a2e5,CVE-2023-25194,building,2,middleware,RCE,initial_access,False,False,False,True,False,False,False,False,False,False,False,False,False,False,schema_v3; source_bundle_complete; source_bundle_hashed; runtime_spec_explicit; runtime_ready; runtime_build_reproducible; flag_contract_explicit; validation_contract_explicit; native_verified; service_contract_complete; verified_capability; guide_ready_valid; orchestrated_environment_verified,
2026-07-30T17:05:00.766779+00:00,1649e1ba411a85e2a29f8ce3be88daae737173169d49581c15964addc311a2e5,CVE-2023-25826,building,3,web_application,RCE,initial_access,True,True,True,True,True,True,True,True,True,True,True,False,True,True,verified_capability,
2026-07-30T17:05:00.766779+00:00,1649e1ba411a85e2a29f8ce3be88daae737173169d49581c15964addc311a2e5,CVE-2023-26360,completed,3,web_application,LFI,initial_access,True,True,True,True,True,True,True,True,True,True,True,True,True,True,,
2026-07-30T17:05:00.766779+00:00,1649e1ba411a85e2a29f8ce3be88daae737173169d49581c15964addc311a2e5,CVE-2023-27524,building,2,web_application,Auth_Bypass,initial_access,False,False,False,True,False,False,False,False,False,False,False,False,False,False,schema_v3; source_bundle_complete; source_bundle_hashed; runtime_spec_explicit; runtime_ready; runtime_build_reproducible; flag_contract_explicit; validation_contract_explicit; native_verified; service_contract_complete; verified_capability; guide_ready_valid; orchestrated_environment_verified,
2026-07-30T17:05:00.766779+00:00,1649e1ba411a85e2a29f8ce3be88daae737173169d49581c15964addc311a2e5,CVE-2023-28432,building,2,web_application,Info_Leak,credential_access,False,False,False,True,False,False,False,False,False,False,False,False,False,False,schema_v3; source_bundle_complete; source_bundle_hashed; runtime_spec_explicit; runtime_ready; runtime_build_reproducible; flag_contract_explicit; validation_contract_explicit; native_verified; service_contract_complete; verified_capability; guide_ready_valid; orchestrated_environment_verified,
2026-07-30T17:05:00.766779+00:00,1649e1ba411a85e2a29f8ce3be88daae737173169d49581c15964addc311a2e5,CVE-2023-29300,building,2,web_application,RCE,initial_access,False,False,False,True,False,False,False,False,False,False,False,False,False,False,schema_v3; source_bundle_complete; source_bundle_hashed; runtime_spec_explicit; runtime_ready; runtime_build_reproducible; flag_contract_explicit; validation_contract_explicit; native_verified; service_contract_complete; verified_capability; guide_ready_valid; orchestrated_environment_verified,
2026-07-30T17:05:00.766779+00:00,1649e1ba411a85e2a29f8ce3be88daae737173169d49581c15964addc311a2e5,CVE-2023-32315,building,3,web_application,RCE,initial_access,True,True,True,True,True,False,False,True,True,False,True,False,False,False,runtime_ready; runtime_build_reproducible; native_verified; verified_capability; guide_ready_valid; orchestrated_environment_verified,
2026-07-30T17:05:00.766779+00:00,1649e1ba411a85e2a29f8ce3be88daae737173169d49581c15964addc311a2e5,CVE-2023-33246,building,2,web_application,RCE,initial_access,False,False,False,True,False,False,False,False,False,False,False,False,False,False,schema_v3; source_bundle_complete; source_bundle_hashed; runtime_spec_explicit; runtime_ready; runtime_build_reproducible; flag_contract_explicit; validation_contract_explicit; native_verified; service_contract_complete; verified_capability; guide_ready_valid; orchestrated_environment_verified,
2026-07-30T17:05:00.766779+00:00,1649e1ba411a85e2a29f8ce3be88daae737173169d49581c15964addc311a2e5,CVE-2023-37582,building,2,middleware,RCE,initial_access,False,True,True,True,True,False,False,True,True,False,True,False,False,False,schema_v3; runtime_ready; runtime_build_reproducible; native_verified; verified_capability; guide_ready_valid; orchestrated_environment_verified,
2026-07-30T17:05:00.766779+00:00,1649e1ba411a85e2a29f8ce3be88daae737173169d49581c15964addc311a2e5,CVE-2023-37941,building,2,web_application,RCE,initial_access,False,False,False,True,False,False,False,False,False,False,False,False,False,False,schema_v3; source_bundle_complete; source_bundle_hashed; runtime_spec_explicit; runtime_ready; runtime_build_reproducible; flag_contract_explicit; validation_contract_explicit; native_verified; service_contract_complete; verified_capability; guide_ready_valid; orchestrated_environment_verified,
2026-07-30T17:05:00.766779+00:00,1649e1ba411a85e2a29f8ce3be88daae737173169d49581c15964addc311a2e5,CVE-2023-38633,building,2,web_application,RCE,initial_access,False,False,False,True,False,False,False,False,False,False,False,False,False,False,schema_v3; source_bundle_complete; source_bundle_hashed; runtime_spec_explicit; runtime_ready; runtime_build_reproducible; flag_contract_explicit; validation_contract_explicit; native_verified; service_contract_complete; verified_capability; guide_ready_valid; orchestrated_environment_verified,
2026-07-30T17:05:00.766779+00:00,1649e1ba411a85e2a29f8ce3be88daae737173169d49581c15964addc311a2e5,CVE-2023-38646,building,2,web_application,RCE,initial_access,False,True,True,True,True,False,False,True,True,False,True,False,False,False,schema_v3; runtime_ready; runtime_build_reproducible; native_verified; verified_capability; guide_ready_valid; orchestrated_environment_verified,
2026-07-30T17:05:00.766779+00:00,1649e1ba411a85e2a29f8ce3be88daae737173169d49581c15964addc311a2e5,CVE-2023-39361,building,2,web_application,RCE,initial_access,False,False,False,True,False,False,False,False,False,False,False,False,False,False,schema_v3; source_bundle_complete; source_bundle_hashed; runtime_spec_explicit; runtime_ready; runtime_build_reproducible; flag_contract_explicit; validation_contract_explicit; native_verified; service_contract_complete; verified_capability; guide_ready_valid; orchestrated_environment_verified,
2026-07-30T17:05:00.766779+00:00,1649e1ba411a85e2a29f8ce3be88daae737173169d49581c15964addc311a2e5,CVE-2023-41892,completed,3,web_application,RCE,initial_access,True,True,True,True,True,True,True,True,True,True,True,True,True,True,,
2026-07-30T17:05:00.766779+00:00,1649e1ba411a85e2a29f8ce3be88daae737173169d49581c15964addc311a2e5,CVE-2023-42793,building,2,web_application,RCE,initial_access,False,True,True,True,True,False,False,True,True,False,False,False,False,False,schema_v3; runtime_ready; runtime_build_reproducible; native_verified; service_contract_complete; verified_capability; guide_ready_valid; orchestrated_environment_verified,
2026-07-30T17:05:00.766779+00:00,1649e1ba411a85e2a29f8ce3be88daae737173169d49581c15964addc311a2e5,CVE-2023-42820,building,2,web_application,RCE,initial_access,False,False,False,True,False,False,False,False,False,False,False,False,False,False,schema_v3; source_bundle_complete; source_bundle_hashed; runtime_spec_explicit; runtime_ready; runtime_build_reproducible; flag_contract_explicit; validation_contract_explicit; native_verified; service_contract_complete; verified_capability; guide_ready_valid; orchestrated_environment_verified,
2026-07-30T17:05:00.766779+00:00,1649e1ba411a85e2a29f8ce3be88daae737173169d49581c15964addc311a2e5,CVE-2023-4450,completed,3,web_application,RCE,initial_access,True,True,True,True,True,True,True,True,True,True,True,True,True,True,,
2026-07-30T17:05:00.766779+00:00,1649e1ba411a85e2a29f8ce3be88daae737173169d49581c15964addc311a2e5,CVE-2023-46604,building,2,web_application,RCE,initial_access,False,False,False,True,False,False,False,False,False,False,False,False,False,False,schema_v3; source_bundle_complete; source_bundle_hashed; runtime_spec_explicit; runtime_ready; runtime_build_reproducible; flag_contract_explicit; validation_contract_explicit; native_verified; service_contract_complete; verified_capability; guide_ready_valid; orchestrated_environment_verified,
2026-07-30T17:05:00.766779+00:00,1649e1ba411a85e2a29f8ce3be88daae737173169d49581c15964addc311a2e5,CVE-2023-49070,building,2,web_application,RCE,initial_access,False,True,True,True,True,False,False,True,True,False,False,False,False,False,schema_v3; runtime_ready; runtime_build_reproducible; native_verified; service_contract_complete; verified_capability; guide_ready_valid; orchestrated_environment_verified,
2026-07-30T17:05:00.766779+00:00,1649e1ba411a85e2a29f8ce3be88daae737173169d49581c15964addc311a2e5,CVE-2023-49103,building,2,web_application,Info_Leak,initial_access,False,False,False,True,False,False,False,False,False,False,False,False,False,False,schema_v3; source_bundle_complete; source_bundle_hashed; runtime_spec_explicit; runtime_ready; runtime_build_reproducible; flag_contract_explicit; validation_contract_explicit; native_verified; service_contract_complete; verified_capability; guide_ready_valid; orchestrated_environment_verified,
2026-07-30T17:05:00.766779+00:00,1649e1ba411a85e2a29f8ce3be88daae737173169d49581c15964addc311a2e5,CVE-2023-5002,building,2,web_application,RCE,initial_access,False,False,False,True,False,False,False,False,False,False,False,False,False,False,schema_v3; source_bundle_complete; source_bundle_hashed; runtime_spec_explicit; runtime_ready; runtime_build_reproducible; flag_contract_explicit; validation_contract_explicit; native_verified; service_contract_complete; verified_capability; guide_ready_valid; orchestrated_environment_verified,
2026-07-30T17:05:00.766779+00:00,1649e1ba411a85e2a29f8ce3be88daae737173169d49581c15964addc311a2e5,CVE-2023-51449,building,2,web_application,LFI,initial_access,False,True,True,True,True,False,False,True,True,False,True,False,False,False,schema_v3; runtime_ready; runtime_build_reproducible; native_verified; verified_capability; guide_ready_valid; orchestrated_environment_verified,
2026-07-30T17:05:00.766779+00:00,1649e1ba411a85e2a29f8ce3be88daae737173169d49581c15964addc311a2e5,CVE-2023-51467,completed,3,web_application,RCE,initial_access,True,True,True,True,True,True,True,True,True,True,True,True,True,True,,
2026-07-30T17:05:00.766779+00:00,1649e1ba411a85e2a29f8ce3be88daae737173169d49581c15964addc311a2e5,CVE-2024-1561,building,3,web_application,LFI,initial_access,True,True,True,True,True,False,False,True,True,True,True,True,True,True,runtime_ready; runtime_build_reproducible,
2026-07-30T17:05:00.766779+00:00,1649e1ba411a85e2a29f8ce3be88daae737173169d49581c15964addc311a2e5,CVE-2024-23897,building,2,web_application,LFI,initial_access,False,True,True,True,True,False,False,True,True,False,True,False,False,False,schema_v3; runtime_ready; runtime_build_reproducible; native_verified; verified_capability; guide_ready_valid; orchestrated_environment_verified,
2026-07-30T17:05:00.766779+00:00,1649e1ba411a85e2a29f8ce3be88daae737173169d49581c15964addc311a2e5,CVE-2024-27198,building,3,web_application,RCE,initial_access,True,True,True,True,True,False,False,True,True,False,True,False,False,False,runtime_ready; runtime_build_reproducible; native_verified; verified_capability; guide_ready_valid; orchestrated_environment_verified,
2026-07-30T17:05:00.766779+00:00,1649e1ba411a85e2a29f8ce3be88daae737173169d49581c15964addc311a2e5,CVE-2024-27348,completed,3,web_application,RCE,initial_access,True,True,True,True,True,True,True,True,True,True,True,True,True,True,,
2026-07-30T17:05:00.766779+00:00,1649e1ba411a85e2a29f8ce3be88daae737173169d49581c15964addc311a2e5,CVE-2024-28752,building,2,web_application,SSRF,initial_access,False,False,False,True,False,False,False,False,False,False,False,False,False,False,schema_v3; source_bundle_complete; source_bundle_hashed; runtime_spec_explicit; runtime_ready; runtime_build_reproducible; flag_contract_explicit; validation_contract_explicit; native_verified; service_contract_complete; verified_capability; guide_ready_valid; orchestrated_environment_verified,
2026-07-30T17:05:00.766779+00:00,1649e1ba411a85e2a29f8ce3be88daae737173169d49581c15964addc311a2e5,CVE-2024-2961,building,2,middleware,RCE,initial_access,False,False,False,True,False,False,False,False,False,False,False,False,False,False,schema_v3; source_bundle_complete; source_bundle_hashed; runtime_spec_explicit; runtime_ready; runtime_build_reproducible; flag_contract_explicit; validation_contract_explicit; native_verified; service_contract_complete; verified_capability; guide_ready_valid; orchestrated_environment_verified,
2026-07-30T17:05:00.766779+00:00,1649e1ba411a85e2a29f8ce3be88daae737173169d49581c15964addc311a2e5,CVE-2024-32114,building,2,web_application,Auth_Bypass,initial_access,False,False,False,True,False,False,False,False,False,False,False,False,False,False,schema_v3; source_bundle_complete; source_bundle_hashed; runtime_spec_explicit; runtime_ready; runtime_build_reproducible; flag_contract_explicit; validation_contract_explicit; native_verified; service_contract_complete; verified_capability; guide_ready_valid; orchestrated_environment_verified,
2026-07-30T17:05:00.766779+00:00,1649e1ba411a85e2a29f8ce3be88daae737173169d49581c15964addc311a2e5,CVE-2024-36401,building,2,web_application,RCE,initial_access,False,True,True,True,True,False,False,True,True,False,True,False,False,False,schema_v3; runtime_ready; runtime_build_reproducible; native_verified; verified_capability; guide_ready_valid; orchestrated_environment_verified,
2026-07-30T17:05:00.766779+00:00,1649e1ba411a85e2a29f8ce3be88daae737173169d49581c15964addc311a2e5,CVE-2024-38856,completed,3,web_application,RCE,initial_access,True,True,True,True,True,True,True,True,True,True,True,True,True,True,,
2026-07-30T17:05:00.766779+00:00,1649e1ba411a85e2a29f8ce3be88daae737173169d49581c15964addc311a2e5,CVE-2024-39907,building,3,web_application,RCE,initial_access,True,True,True,True,True,True,True,True,True,False,True,False,False,False,native_verified; verified_capability; guide_ready_valid; orchestrated_environment_verified,
2026-07-30T17:05:00.766779+00:00,1649e1ba411a85e2a29f8ce3be88daae737173169d49581c15964addc311a2e5,CVE-2024-42323,building,2,web_application,RCE,initial_access,False,False,False,True,False,False,False,False,False,False,False,False,False,False,schema_v3; source_bundle_complete; source_bundle_hashed; runtime_spec_explicit; runtime_ready; runtime_build_reproducible; flag_contract_explicit; validation_contract_explicit; native_verified; service_contract_complete; verified_capability; guide_ready_valid; orchestrated_environment_verified,
2026-07-30T17:05:00.766779+00:00,1649e1ba411a85e2a29f8ce3be88daae737173169d49581c15964addc311a2e5,CVE-2024-43441,building,2,web_application,Auth_Bypass,initial_access,False,False,False,True,False,False,False,False,False,False,False,False,False,False,schema_v3; source_bundle_complete; source_bundle_hashed; runtime_spec_explicit; runtime_ready; runtime_build_reproducible; flag_contract_explicit; validation_contract_explicit; native_verified; service_contract_complete; verified_capability; guide_ready_valid; orchestrated_environment_verified,
2026-07-30T17:05:00.766779+00:00,1649e1ba411a85e2a29f8ce3be88daae737173169d49581c15964addc311a2e5,CVE-2024-4367,building,2,web_application,RCE,initial_access,False,False,False,True,False,False,False,False,False,False,False,False,False,False,schema_v3; source_bundle_complete; source_bundle_hashed; runtime_spec_explicit; runtime_ready; runtime_build_reproducible; flag_contract_explicit; validation_contract_explicit; native_verified; service_contract_complete; verified_capability; guide_ready_valid; orchestrated_environment_verified,
2026-07-30T17:05:00.766779+00:00,1649e1ba411a85e2a29f8ce3be88daae737173169d49581c15964addc311a2e5,CVE-2024-45195,completed,3,web_application,RCE,initial_access,True,True,True,True,True,True,True,True,True,True,True,True,True,True,,
2026-07-30T17:05:00.766779+00:00,1649e1ba411a85e2a29f8ce3be88daae737173169d49581c15964addc311a2e5,CVE-2024-45507,building,3,web_application,RCE,initial_access,True,True,True,True,True,True,True,True,True,True,True,True,False,True,guide_ready_valid,
2026-07-30T17:05:00.766779+00:00,1649e1ba411a85e2a29f8ce3be88daae737173169d49581c15964addc311a2e5,CVE-2024-47177,building,3,web_application,RCE,initial_access,True,True,True,True,True,True,True,True,True,False,True,False,False,False,native_verified; verified_capability; guide_ready_valid; orchestrated_environment_verified,
2026-07-30T17:05:00.766779+00:00,1649e1ba411a85e2a29f8ce3be88daae737173169d49581c15964addc311a2e5,CVE-2024-4956,building,2,web_application,LFI,initial_access,False,True,True,True,True,False,False,True,True,False,False,False,False,False,schema_v3; runtime_ready; runtime_build_reproducible; native_verified; service_contract_complete; verified_capability; guide_ready_valid; orchestrated_environment_verified,
2026-07-30T17:05:00.766779+00:00,1649e1ba411a85e2a29f8ce3be88daae737173169d49581c15964addc311a2e5,CVE-2024-56145,building,2,web_application,RCE,initial_access,False,False,False,True,False,False,False,False,False,False,False,False,False,False,schema_v3; source_bundle_complete; source_bundle_hashed; runtime_spec_explicit; runtime_ready; runtime_build_reproducible; flag_contract_explicit; validation_contract_explicit; native_verified; service_contract_complete; verified_capability; guide_ready_valid; orchestrated_environment_verified,
2026-07-30T17:05:00.766779+00:00,1649e1ba411a85e2a29f8ce3be88daae737173169d49581c15964addc311a2e5,CVE-2024-9264,completed,3,web_application,RCE,initial_access,True,True,True,True,True,True,True,True,True,True,True,True,True,True,,
2026-07-30T17:05:00.766779+00:00,1649e1ba411a85e2a29f8ce3be88daae737173169d49581c15964addc311a2e5,CVE-2025-13780,building,2,web_application,RCE,initial_access,False,False,False,True,False,False,False,False,False,False,False,False,False,False,schema_v3; source_bundle_complete; source_bundle_hashed; runtime_spec_explicit; runtime_ready; runtime_build_reproducible; flag_contract_explicit; validation_contract_explicit; native_verified; service_contract_complete; verified_capability; guide_ready_valid; orchestrated_environment_verified,
2026-07-30T17:05:00.766779+00:00,1649e1ba411a85e2a29f8ce3be88daae737173169d49581c15964addc311a2e5,CVE-2025-1974,building,2,middleware,RCE,initial_access,False,False,False,True,False,False,False,False,False,False,False,False,False,False,schema_v3; source_bundle_complete; source_bundle_hashed; runtime_spec_explicit; runtime_ready; runtime_build_reproducible; flag_contract_explicit; validation_contract_explicit; native_verified; service_contract_complete; verified_capability; guide_ready_valid; orchestrated_environment_verified,
2026-07-30T17:05:00.766779+00:00,1649e1ba411a85e2a29f8ce3be88daae737173169d49581c15964addc311a2e5,CVE-2025-24813,building,2,middleware,Deserialization,initial_access,False,True,True,True,True,False,False,True,True,False,True,False,False,False,schema_v3; runtime_ready; runtime_build_reproducible; native_verified; verified_capability; guide_ready_valid; orchestrated_environment_verified,
2026-07-30T17:05:00.766779+00:00,1649e1ba411a85e2a29f8ce3be88daae737173169d49581c15964addc311a2e5,CVE-2025-2945,building,2,web_application,RCE,execution,False,True,True,True,True,False,False,True,True,False,True,False,False,False,schema_v3; runtime_ready; runtime_build_reproducible; native_verified; verified_capability; guide_ready_valid; orchestrated_environment_verified,
2026-07-30T17:05:00.766779+00:00,1649e1ba411a85e2a29f8ce3be88daae737173169d49581c15964addc311a2e5,CVE-2025-29927,building,2,web_application,Auth_Bypass,initial_access,False,False,False,True,False,False,False,False,False,False,False,False,False,False,schema_v3; source_bundle_complete; source_bundle_hashed; runtime_spec_explicit; runtime_ready; runtime_build_reproducible; flag_contract_explicit; validation_contract_explicit; native_verified; service_contract_complete; verified_capability; guide_ready_valid; orchestrated_environment_verified,
2026-07-30T17:05:00.766779+00:00,1649e1ba411a85e2a29f8ce3be88daae737173169d49581c15964addc311a2e5,CVE-2025-30208,building,2,web_application,LFI,initial_access,False,True,True,True,True,False,False,True,True,False,True,False,False,False,schema_v3; runtime_ready; runtime_build_reproducible; native_verified; verified_capability; guide_ready_valid; orchestrated_environment_verified,
2026-07-30T17:05:00.766779+00:00,1649e1ba411a85e2a29f8ce3be88daae737173169d49581c15964addc311a2e5,CVE-2025-32395,building,2,web_application,LFI,initial_access,False,True,True,True,True,False,False,True,True,False,True,False,False,False,schema_v3; runtime_ready; runtime_build_reproducible; native_verified; verified_capability; guide_ready_valid; orchestrated_environment_verified,
2026-07-30T17:05:00.766779+00:00,1649e1ba411a85e2a29f8ce3be88daae737173169d49581c15964addc311a2e5,CVE-2025-32433,completed,3,system_service,RCE,initial_access,True,True,True,True,True,True,True,True,True,True,True,True,True,True,,
2026-07-30T17:05:00.766779+00:00,1649e1ba411a85e2a29f8ce3be88daae737173169d49581c15964addc311a2e5,CVE-2025-3248,building,2,web_application,RCE,initial_access,False,True,True,True,True,False,False,True,True,False,True,False,False,False,schema_v3; runtime_ready; runtime_build_reproducible; native_verified; verified_capability; guide_ready_valid; orchestrated_environment_verified,
2026-07-30T17:05:00.766779+00:00,1649e1ba411a85e2a29f8ce3be88daae737173169d49581c15964addc311a2e5,CVE-2025-41242,building,2,web_application,LFI,initial_access,False,True,True,True,True,False,False,True,True,False,True,False,False,False,schema_v3; runtime_ready; runtime_build_reproducible; native_verified; verified_capability; guide_ready_valid; orchestrated_environment_verified,
2026-07-30T17:05:00.766779+00:00,1649e1ba411a85e2a29f8ce3be88daae737173169d49581c15964addc311a2e5,CVE-2025-49001,building,3,web_application,RCE,initial_access,True,True,True,True,True,True,True,True,True,False,True,False,False,False,native_verified; verified_capability; guide_ready_valid; orchestrated_environment_verified,
2026-07-30T17:05:00.766779+00:00,1649e1ba411a85e2a29f8ce3be88daae737173169d49581c15964addc311a2e5,CVE-2025-54068,building,2,web_application,RCE,initial_access,False,False,False,True,False,False,False,False,False,False,False,False,False,False,schema_v3; source_bundle_complete; source_bundle_hashed; runtime_spec_explicit; runtime_ready; runtime_build_reproducible; flag_contract_explicit; validation_contract_explicit; native_verified; service_contract_complete; verified_capability; guide_ready_valid; orchestrated_environment_verified,
2026-07-30T17:05:00.766779+00:00,1649e1ba411a85e2a29f8ce3be88daae737173169d49581c15964addc311a2e5,CVE-2025-55182,completed,3,web_application,RCE,initial_access,True,True,True,True,True,True,True,True,True,True,True,True,True,True,,
2026-07-30T17:05:00.766779+00:00,1649e1ba411a85e2a29f8ce3be88daae737173169d49581c15964addc311a2e5,CVE-2025-67303,building,2,web_application,RCE,initial_access,False,True,True,True,True,False,False,True,True,False,True,False,False,False,schema_v3; runtime_ready; runtime_build_reproducible; native_verified; verified_capability; guide_ready_valid; orchestrated_environment_verified,
2026-07-30T17:05:00.766779+00:00,1649e1ba411a85e2a29f8ce3be88daae737173169d49581c15964addc311a2e5,CVE-2025-68613,completed,3,web_application,RCE,execution,True,True,True,True,True,True,True,True,True,True,True,True,True,True,,
2026-07-30T17:05:00.766779+00:00,1649e1ba411a85e2a29f8ce3be88daae737173169d49581c15964addc311a2e5,CVE-2026-21858,completed,3,web_application,LFI,initial_access,True,True,True,True,True,True,True,True,True,True,True,True,True,True,,
2026-07-30T17:05:00.766779+00:00,1649e1ba411a85e2a29f8ce3be88daae737173169d49581c15964addc311a2e5,CVE-2026-22777,building,2,web_application,RCE,initial_access,False,False,False,True,False,False,False,False,False,False,False,False,False,False,schema_v3; source_bundle_complete; source_bundle_hashed; runtime_spec_explicit; runtime_ready; runtime_build_reproducible; flag_contract_explicit; validation_contract_explicit; native_verified; service_contract_complete; verified_capability; guide_ready_valid; orchestrated_environment_verified,
2026-07-30T17:05:00.766779+00:00,1649e1ba411a85e2a29f8ce3be88daae737173169d49581c15964addc311a2e5,CVE-2026-24061,completed,3,system_service,RCE,initial_access,True,True,True,True,True,True,True,True,True,True,True,True,True,True,,
2026-07-30T17:05:00.766779+00:00,1649e1ba411a85e2a29f8ce3be88daae737173169d49581c15964addc311a2e5,CVE-2026-25253,building,2,web_application,RCE,initial_access,False,True,True,True,True,False,False,True,True,False,True,False,False,False,schema_v3; runtime_ready; runtime_build_reproducible; native_verified; verified_capability; guide_ready_valid; orchestrated_environment_verified,
2026-07-30T17:05:00.766779+00:00,1649e1ba411a85e2a29f8ce3be88daae737173169d49581c15964addc311a2e5,CVE-2026-25887,completed,3,web_application,RCE,initial_access,True,True,True,True,True,True,True,True,True,True,True,True,True,True,,
2026-07-30T17:05:00.766779+00:00,1649e1ba411a85e2a29f8ce3be88daae737173169d49581c15964addc311a2e5,CVE-2026-27944,building,2,web_application,Auth_Bypass,initial_access,False,False,False,True,False,False,False,False,False,False,False,False,False,False,schema_v3; source_bundle_complete; source_bundle_hashed; runtime_spec_explicit; runtime_ready; runtime_build_reproducible; flag_contract_explicit; validation_contract_explicit; native_verified; service_contract_complete; verified_capability; guide_ready_valid; orchestrated_environment_verified,
2026-07-30T17:05:00.766779+00:00,1649e1ba411a85e2a29f8ce3be88daae737173169d49581c15964addc311a2e5,CVE-2026-31816,building,2,web_application,Auth_Bypass,initial_access,False,False,False,True,False,False,False,False,False,False,False,False,False,False,schema_v3; source_bundle_complete; source_bundle_hashed; runtime_spec_explicit; runtime_ready; runtime_build_reproducible; flag_contract_explicit; validation_contract_explicit; native_verified; service_contract_complete; verified_capability; guide_ready_valid; orchestrated_environment_verified,
2026-07-30T17:05:00.766779+00:00,1649e1ba411a85e2a29f8ce3be88daae737173169d49581c15964addc311a2e5,CVE-2026-34197,building,2,web_application,RCE,initial_access,False,True,True,True,True,False,False,True,True,False,True,False,False,False,schema_v3; runtime_ready; runtime_build_reproducible; native_verified; verified_capability; guide_ready_valid; orchestrated_environment_verified,
2026-07-30T17:05:00.766779+00:00,1649e1ba411a85e2a29f8ce3be88daae737173169d49581c15964addc311a2e5,CVE-2026-34486,building,2,middleware,RCE,initial_access,False,False,False,True,False,False,False,False,False,False,False,False,False,False,schema_v3; source_bundle_complete; source_bundle_hashed; runtime_spec_explicit; runtime_ready; runtime_build_reproducible; flag_contract_explicit; validation_contract_explicit; native_verified; service_contract_complete; verified_capability; guide_ready_valid; orchestrated_environment_verified,
2026-07-30T17:05:00.766779+00:00,1649e1ba411a85e2a29f8ce3be88daae737173169d49581c15964addc311a2e5,CVE-2026-39363,building,2,web_application,LFI,initial_access,False,True,True,True,True,False,False,True,True,False,True,False,False,False,schema_v3; runtime_ready; runtime_build_reproducible; native_verified; verified_capability; guide_ready_valid; orchestrated_environment_verified,
2026-07-30T17:05:00.766779+00:00,1649e1ba411a85e2a29f8ce3be88daae737173169d49581c15964addc311a2e5,PIL-CVE-2017-8291,building,2,web_application,RCE,initial_access,False,True,True,True,True,False,False,True,True,False,True,False,False,False,schema_v3; runtime_ready; runtime_build_reproducible; native_verified; verified_capability; guide_ready_valid; orchestrated_environment_verified,
