cve_id,classification,value_score,version,service_role,service_family,source_image,native_success,environment_ready,source_image_local,guide_ready,runtime_ready,required_service,verified_capabilities,reasons
CVE-2010-2861,rebuild_runtime_or_bundle,6,3,web_application,,vulhub/coldfusion:8.0.1,True,True,not_local,True,False,"{""protocol"": ""http"", ""port"": 8500}","[""read_file""]","[""runtime contract not ready""]"
CVE-2010-3863,full_reconstruction,3,2,web_application,,vulhub/shiro:1.0.0,False,,not_local,False,False,{},[],"[""version<3"", ""native verification unavailable"", ""ready guide unavailable""]"
CVE-2012-1823,range_ready,14,3,web_application,,vulhub/php:5.4.1-cgi,True,True,present,True,True,"{""protocol"": ""http"", ""port"": 80}","[""execute_command"", ""read_file""]",[]
CVE-2012-2122,full_reconstruction,3,2,database,,vulhub/mysql:5.5.23,False,,not_local,False,False,{},[],"[""version<3"", ""native verification unavailable"", ""ready guide unavailable""]"
CVE-2013-4547,rebuild_runtime_or_bundle,12,3,web_application,,vulhub/php:5.6-fpm,True,,present,True,False,"{""protocol"": ""http"", ""port"": 80}","[""execute_command"", ""read_file""]","[""runtime contract not ready""]"
CVE-2014-0160,full_reconstruction,3,3,web_application,,vulhub/openssl:1.0.1c-with-nginx,True,True,not_local,False,False,"{""protocol"": ""https"", ""port"": 443}",[],"[""ready guide unavailable""]"
CVE-2014-3120,rebuild_runtime_or_bundle,14,3,middleware,,vulhub/elasticsearch:1.1.1,True,,present,True,True,"{""protocol"": ""http"", ""port"": 9200}","[""execute_command"", ""read_file""]","[""multi-port readiness does not probe exploit entry""]"
CVE-2014-3704,full_reconstruction,1,2,web_application,,vulhub/drupal:7.31,False,,not_local,False,False,{},[],"[""version<3"", ""native verification unavailable"", ""ready guide unavailable""]"
CVE-2014-6271,full_reconstruction,3,2,web_application,,vulhub/bash:4.3.0-with-httpd,False,,not_local,False,False,{},[],"[""version<3"", ""native verification unavailable"", ""ready guide unavailable""]"
CVE-2015-1427,range_ready,14,3,web_application,,vulhub/elasticsearch:1.4.2,True,True,present,True,True,"{""protocol"": ""http"", ""port"": 9200}","[""execute_command"", ""read_file""]",[]
CVE-2015-3337,full_reconstruction,3,2,middleware,,vulhub/elasticsearch:1.4.4,False,,not_local,False,False,{},[],"[""version<3"", ""native verification unavailable"", ""ready guide unavailable""]"
CVE-2015-5254,rebuild_runtime_or_bundle,1,3,middleware,,vulhub/activemq:5.11.1,True,,not_local,True,False,{},[],"[""runtime contract not ready""]"
CVE-2015-5531,range_ready,6,3,web_application,,vulhub/elasticsearch:1.6.0,True,True,present,True,True,"{""protocol"": ""http"", ""port"": 9200}","[""read_file""]",[]
CVE-2015-8562,full_reconstruction,3,2,web_application,,vulhub/joomla:3.4.5,False,,not_local,False,False,{},[],"[""version<3"", ""native verification unavailable"", ""ready guide unavailable""]"
CVE-2016-1897,full_reconstruction,1,2,web_application,,vulhub/ffmpeg:2.8.4-with-php,False,,not_local,False,False,{},[],"[""version<3"", ""native verification unavailable"", ""ready guide unavailable""]"
CVE-2016-3088,rebuild_runtime_or_bundle,16,3,web_application,,vulhub/activemq:5.11.1-with-cron,True,True,present,True,True,"{""protocol"": ""http"", ""port"": 8161}","[""execute_command"", ""network_vantage"", ""read_file"", ""write_file""]","[""multi-port readiness does not probe exploit entry""]"
CVE-2016-3714,range_ready,17,3,web_application,,vulhub/imagemagick:6.9.2-10-php,True,True,present,True,True,"{""protocol"": ""http"", ""port"": 8080}","[""execute_command"", ""network_vantage"", ""read_credential"", ""read_file"", ""write_file""]",[]
CVE-2016-4437,full_reconstruction,3,2,framework,,vulhub/shiro:1.2.4,False,,not_local,False,False,{},[],"[""version<3"", ""native verification unavailable"", ""ready guide unavailable""]"
CVE-2016-4977,full_reconstruction,3,2,web_application,,vulhub/spring-security-oauth2:2.0.8,False,,not_local,False,False,{},[],"[""version<3"", ""native verification unavailable"", ""ready guide unavailable""]"
CVE-2016-5385,full_reconstruction,3,2,web_application,,vulhub/php:httpoxy,False,,not_local,False,False,{},[],"[""version<3"", ""native verification unavailable"", ""ready guide unavailable""]"
CVE-2016-5734,full_reconstruction,3,2,web_application,,vulhub/phpmyadmin:4.4.15.6,False,,not_local,False,False,{},[],"[""version<3"", ""native verification unavailable"", ""ready guide unavailable""]"
CVE-2016-9086,full_reconstruction,1,2,web_application,,vulhub/gitlab:8.13.1,False,,not_local,False,False,{},[],"[""version<3"", ""native verification unavailable"", ""ready guide unavailable""]"
CVE-2017-1000028,rebuild_runtime_or_bundle,7,3,web_application,,vulhub/glassfish:4.1,True,True,not_local,True,False,"{""protocol"": ""https"", ""port"": 4848}","[""read_credential"", ""read_file""]","[""runtime contract not ready""]"
CVE-2017-1000353,full_reconstruction,1,2,web_application,,vulhub/jenkins:2.46.1,False,,not_local,False,False,{},[],"[""version<3"", ""native verification unavailable"", ""ready guide unavailable""]"
CVE-2017-10271,range_ready,16,3,middleware,,vulhub/weblogic:10.3.6.0-2017,True,,present,True,True,"{""protocol"": ""http"", ""port"": 7001}","[""execute_command"", ""read_file"", ""write_file""]",[]
CVE-2017-11610,range_ready,16,3,web_application,,vulhub/supervisor:3.3.2,True,True,present,True,True,"{""protocol"": ""http"", ""port"": 9001}","[""execute_command"", ""read_file"", ""write_file""]",[]
CVE-2017-12149,full_reconstruction,1,2,web_application,,vulhub/jboss:as-6.1.0,False,,not_local,False,False,{},[],"[""version<3"", ""native verification unavailable"", ""ready guide unavailable""]"
CVE-2017-12615,range_ready,16,3,web_application,,vulhub/tomcat:8.5.19,True,True,present,True,True,"{""protocol"": ""http"", ""port"": 8080}","[""execute_command"", ""read_file"", ""write_file""]",[]
CVE-2017-12629-RCE,full_reconstruction,1,2,middleware,,vulhub/solr:7.0.1,False,,not_local,False,False,{},[],"[""version<3"", ""native verification unavailable"", ""ready guide unavailable""]"
CVE-2017-12635,full_reconstruction,1,2,database,,vulhub/couchdb:2.1.0,False,,present,False,False,{},[],"[""version<3"", ""native verification unavailable"", ""ready guide unavailable""]"
CVE-2017-12636,rebuild_runtime_or_bundle,1,3,database,,vulhub/couchdb:1.6.0,True,,not_local,True,False,{},[],"[""runtime contract not ready""]"
CVE-2017-12794,full_reconstruction,3,2,web_application,,vulhub/django:1.11.4,False,,present,False,False,{},[],"[""version<3"", ""native verification unavailable"", ""ready guide unavailable""]"
CVE-2017-14849,rebuild_runtime_or_bundle,6,3,web_application,,vulhub/node:8.5.0,True,True,not_local,True,False,"{""protocol"": ""http"", ""port"": 3000}","[""read_file""]","[""runtime contract not ready""]"
CVE-2017-15715,range_ready,16,3,web_application,,vulhub/php:5.5-apache,True,True,present,True,True,"{""protocol"": ""http"", ""port"": 80}","[""execute_command"", ""read_file"", ""write_file""]",[]
CVE-2017-16082,full_reconstruction,1,2,web_application,,vulhub/node:9.0.0,False,,not_local,False,False,{},[],"[""version<3"", ""native verification unavailable"", ""ready guide unavailable""]"
CVE-2017-17405,rebuild_runtime_or_bundle,14,3,web_application,,vulhub/ruby:2.4.1,True,True,present,True,False,"{""protocol"": ""http"", ""port"": 8080}","[""execute_command"", ""read_file"", ""write_file""]","[""runtime contract not ready""]"
CVE-2017-17562,range_ready,14,3,web_application,,vulhub/goahead:3.6.4,True,True,present,True,True,"{""protocol"": ""http"", ""port"": 80}","[""execute_command"", ""read_file""]",[]
CVE-2017-3066,full_reconstruction,1,2,web_application,,vulhub/coldfusion:11u3,False,,not_local,False,False,{},[],"[""version<3"", ""native verification unavailable"", ""ready guide unavailable""]"
CVE-2017-4971,full_reconstruction,1,2,web_application,,vulhub/spring-webflow:2.4.4,False,,not_local,False,False,{},[],"[""version<3"", ""native verification unavailable"", ""ready guide unavailable""]"
CVE-2017-5223,full_reconstruction,1,2,web_application,,vulhub/phpmailer:5.2.20,False,,not_local,False,False,{},[],"[""version<3"", ""native verification unavailable"", ""ready guide unavailable""]"
CVE-2017-5645,full_reconstruction,1,2,middleware,,vulhub/log4j:2.8.1,False,,not_local,False,False,{},[],"[""version<3"", ""native verification unavailable"", ""ready guide unavailable""]"
CVE-2017-6920,full_reconstruction,1,2,web_application,,vulhub/drupal:8.3.0,False,,not_local,False,False,{},[],"[""version<3"", ""native verification unavailable"", ""ready guide unavailable""]"
CVE-2017-7494,rebuild_runtime_or_bundle,5,3,file_service,,vulhub/samba:4.6.3,True,,present,True,False,{},[],"[""runtime contract not ready""]"
CVE-2017-7504,full_reconstruction,1,2,middleware,,vulhub/jboss:as-4.0.5,False,,not_local,False,False,{},[],"[""version<3"", ""native verification unavailable"", ""ready guide unavailable""]"
CVE-2017-7525,full_reconstruction,1,2,web_application,,vulhub/spring-with-jackson:2.8.8,False,,not_local,False,False,{},[],"[""version<3"", ""native verification unavailable"", ""ready guide unavailable""]"
CVE-2017-7529,full_reconstruction,3,2,web_application,,vulhub/nginx:1.13.2,False,,not_local,False,False,{},[],"[""version<3"", ""native verification unavailable"", ""ready guide unavailable""]"
CVE-2017-8046,full_reconstruction,1,2,web_application,,vulhub/spring-rest-data:2.6.6,False,,not_local,False,False,{},[],"[""version<3"", ""native verification unavailable"", ""ready guide unavailable""]"
CVE-2017-8386,full_reconstruction,1,3,system_service,,vulhub/git:2.12.2-with-openssh,False,False,not_local,False,False,"{""protocol"": ""ssh"", ""port"": 22}",[],"[""native verification unavailable"", ""ready guide unavailable""]"
CVE-2017-8917,full_reconstruction,1,2,web_application,,vulhub/joomla:3.7.0,False,,not_local,False,False,{},[],"[""version<3"", ""native verification unavailable"", ""ready guide unavailable""]"
CVE-2017-9841,full_reconstruction,3,2,web_application,,vulhub/phpunit:5.6.2,False,,not_local,False,False,{},[],"[""version<3"", ""native verification unavailable"", ""ready guide unavailable""]"
CVE-2017-9993,full_reconstruction,1,2,web_application,,vulhub/ffmpeg:3.2.4-with-php,False,,not_local,False,False,{},[],"[""version<3"", ""native verification unavailable"", ""ready guide unavailable""]"
CVE-2018-1000006,full_reconstruction,1,2,web_application,,vulhub/electron:wine,False,,not_local,False,False,{},[],"[""version<3"", ""native verification unavailable"", ""ready guide unavailable""]"
CVE-2018-1000533,full_reconstruction,1,2,web_application,,vulhub/gitlist:0.6.0,False,,not_local,False,False,{},[],"[""version<3"", ""native verification unavailable"", ""ready guide unavailable""]"
CVE-2018-1000861,full_reconstruction,3,2,web_application,,vulhub/jenkins:2.138,False,,not_local,False,False,{},[],"[""version<3"", ""native verification unavailable"", ""ready guide unavailable""]"
CVE-2018-10054,full_reconstruction,3,2,web_application,,vulhub/spring-with-h2database:1.4.197,False,,not_local,False,False,{},[],"[""version<3"", ""native verification unavailable"", ""ready guide unavailable""]"
CVE-2018-1058,full_reconstruction,3,2,database,,vulhub/postgres:9.6.7,False,,not_local,False,False,{},[],"[""version<3"", ""native verification unavailable"", ""ready guide unavailable""]"
CVE-2018-10933,range_ready,16,3,system_service,,vulhub/libssh:0.8.1,True,,present,True,True,"{""protocol"": ""ssh"", ""port"": 22}","[""execute_command"", ""read_file"", ""write_file""]",[]
CVE-2018-12613,range_ready,14,3,web_application,,vulhub/phpmyadmin:4.8.1,True,True,present,True,True,"{""protocol"": ""http"", ""port"": 80}","[""execute_command"", ""read_file""]",[]
CVE-2018-1270,full_reconstruction,1,2,web_application,,vulhub/spring-messaging:5.0.4,False,,not_local,False,False,{},[],"[""version<3"", ""native verification unavailable"", ""ready guide unavailable""]"
CVE-2018-1273,full_reconstruction,3,2,web_application,,vulhub/spring-data-commons:2.0.5,False,,present,False,False,{},[],"[""version<3"", ""native verification unavailable"", ""ready guide unavailable""]"
CVE-2018-1297,full_reconstruction,1,2,web_application,,vulhub/jmeter:3.3,False,,not_local,False,False,{},[],"[""version<3"", ""native verification unavailable"", ""ready guide unavailable""]"
CVE-2018-14574,full_reconstruction,3,2,web_application,,vulhub/django:2.0.7,False,,not_local,False,False,{},[],"[""version<3"", ""native verification unavailable"", ""ready guide unavailable""]"
CVE-2018-15473,full_reconstruction,1,2,system_service,,vulhub/openssh:7.7,False,,not_local,False,False,{},[],"[""version<3"", ""native verification unavailable"", ""ready guide unavailable""]"
CVE-2018-15685,full_reconstruction,1,2,web_application,,vulhub/electron:wine,False,,not_local,False,False,{},[],"[""version<3"", ""native verification unavailable"", ""ready guide unavailable""]"
CVE-2018-16509,range_ready,16,3,web_application,,vulhub/imagemagick:7.0.8-10-php,True,,present,True,True,"{""protocol"": ""http"", ""port"": 8080}","[""execute_command"", ""read_file"", ""write_file""]",[]
CVE-2018-18778,rebuild_runtime_or_bundle,6,3,web_application,,vulhub/mini_httpd:1.29,True,True,not_local,True,False,"{""protocol"": ""http"", ""port"": 8080}","[""read_file""]","[""runtime contract not ready""]"
CVE-2018-18925,full_reconstruction,1,2,web_application,,vulhub/gogs:0.11.66,False,,not_local,False,False,{},[],"[""version<3"", ""native verification unavailable"", ""ready guide unavailable""]"
CVE-2018-19475,rebuild_runtime_or_bundle,14,3,web_application,,vulhub/imagemagick:7.0.8-20-php,True,,present,True,True,{},"[""execute_command"", ""read_file""]","[""network atom has empty required_service""]"
CVE-2018-19518,full_reconstruction,3,2,web_application,,vulhub/php:5.6.38-apache,False,,not_local,False,False,{},[],"[""version<3"", ""native verification unavailable"", ""ready guide unavailable""]"
CVE-2018-2628,full_reconstruction,1,2,middleware,,vulhub/weblogic:10.3.6.0-2017,False,,present,False,False,{},[],"[""version<3"", ""native verification unavailable"", ""ready guide unavailable""]"
CVE-2018-2894,rebuild_runtime_or_bundle,16,3,web_application,,vulhub/weblogic:12.2.1.3-2018,True,True,present,True,False,"{""protocol"": ""http"", ""port"": 7001}","[""execute_command"", ""read_file"", ""write_file""]","[""runtime contract not ready""]"
CVE-2018-3760,full_reconstruction,3,2,web_application,,vulhub/rails:5.0.7,False,,not_local,False,False,{},[],"[""version<3"", ""native verification unavailable"", ""ready guide unavailable""]"
CVE-2018-7490,full_reconstruction,3,2,web_application,,vulhub/uwsgi-php:2.0.16,False,,not_local,False,False,{},[],"[""version<3"", ""native verification unavailable"", ""ready guide unavailable""]"
CVE-2018-7600,full_reconstruction,1,2,web_application,,vulhub/drupal:8.5.0,False,,present,False,False,{},[],"[""version<3"", ""native verification unavailable"", ""ready guide unavailable""]"
CVE-2018-7602,full_reconstruction,1,2,web_application,,vulhub/drupal:7.57,False,,not_local,False,False,{},[],"[""version<3"", ""native verification unavailable"", ""ready guide unavailable""]"
CVE-2018-8715,full_reconstruction,3,2,web_application,,vulhub/appweb:7.0.1,False,,not_local,False,False,{},[],"[""version<3"", ""native verification unavailable"", ""ready guide unavailable""]"
CVE-2019-0193,range_ready,17,3,web_application,,vulhub/solr:8.1.1,True,True,present,True,True,"{""protocol"": ""http"", ""port"": 8983}","[""execute_command"", ""read_credential"", ""read_file"", ""write_file""]",[]
CVE-2019-10758,full_reconstruction,1,2,web_application,,vulhub/mongo-express:0.53.0,False,,not_local,False,False,{},[],"[""version<3"", ""native verification unavailable"", ""ready guide unavailable""]"
CVE-2019-11043,range_ready,16,3,middleware,,vulhub/php:7.2.10-fpm,True,,present,True,True,"{""protocol"": ""tcp"", ""port"": 9000}","[""execute_command"", ""read_file"", ""write_file""]",[]
CVE-2019-11581,full_reconstruction,1,2,web_application,,vulhub/jira:8.1.0,False,,not_local,False,False,{},[],"[""version<3"", ""native verification unavailable"", ""ready guide unavailable""]"
CVE-2019-14234,full_reconstruction,3,2,web_application,,vulhub/django:2.2.3,False,,not_local,False,False,{},[],"[""version<3"", ""native verification unavailable"", ""ready guide unavailable""]"
CVE-2019-15107,full_reconstruction,3,2,web_application,,vulhub/webmin:1.910,False,,not_local,False,False,{},[],"[""version<3"", ""native verification unavailable"", ""ready guide unavailable""]"
CVE-2019-17558,rebuild_runtime_or_bundle,14,3,web_application,,vulhub/solr:8.2.0,True,,present,True,True,{},"[""execute_command"", ""read_file""]","[""network atom has empty required_service""]"
CVE-2019-17564,full_reconstruction,1,2,web_application,,vulhub/dubbo:2.7.3,False,,not_local,False,False,{},[],"[""version<3"", ""native verification unavailable"", ""ready guide unavailable""]"
CVE-2019-20933,full_reconstruction,3,2,database,,vulhub/influxdb:1.6.6,False,,not_local,False,False,{},[],"[""version<3"", ""native verification unavailable"", ""ready guide unavailable""]"
CVE-2019-3396,full_reconstruction,1,2,web_application,,vulhub/confluence:6.10.2,False,,not_local,False,False,{},[],"[""version<3"", ""native verification unavailable"", ""ready guide unavailable""]"
CVE-2019-5418,full_reconstruction,3,2,web_application,,vulhub/rails:5.2.2,False,,not_local,False,False,{},[],"[""version<3"", ""native verification unavailable"", ""ready guide unavailable""]"
CVE-2019-6116,full_reconstruction,1,2,web_application,,vulhub/imagemagick:7.0.8-27-php,False,,not_local,False,False,{},[],"[""version<3"", ""native verification unavailable"", ""ready guide unavailable""]"
CVE-2019-6339,full_reconstruction,1,2,web_application,,vulhub/drupal:8.5.0,False,,present,False,False,{},[],"[""version<3"", ""native verification unavailable"", ""ready guide unavailable""]"
CVE-2019-6341,full_reconstruction,1,2,web_application,,vulhub/drupal:8.5.0,False,,present,False,False,{},[],"[""version<3"", ""native verification unavailable"", ""ready guide unavailable""]"
CVE-2019-7238,full_reconstruction,1,2,web_application,,vulhub/nexus:3.14.0,False,,not_local,False,False,{},[],"[""version<3"", ""native verification unavailable"", ""ready guide unavailable""]"
CVE-2019-7609,full_reconstruction,1,2,web_application,,vulhub/elasticsearch:6.8.6,False,,not_local,False,False,{},[],"[""version<3"", ""native verification unavailable"", ""ready guide unavailable""]"
CVE-2019-9053,full_reconstruction,1,2,web_application,,vulhub/cmsms:2.2.9.1,False,,not_local,False,False,{},[],"[""version<3"", ""native verification unavailable"", ""ready guide unavailable""]"
CVE-2019-9193,range_ready,16,3,database,,vulhub/postgres:10.7,True,,present,True,True,"{""protocol"": ""postgres"", ""port"": 5432, ""authentication"": ""password""}","[""execute_command"", ""read_file"", ""write_file""]",[]
CVE-2020-10199,rebuild_runtime_or_bundle,14,3,web_application,,vulhub/nexus:3.21.1,True,,present,True,False,{},"[""execute_command"", ""read_file""]","[""runtime contract not ready""]"
CVE-2020-10204,full_reconstruction,1,2,web_application,,vulhub/nexus:3.21.1,False,,present,False,False,{},[],"[""version<3"", ""native verification unavailable"", ""ready guide unavailable""]"
CVE-2020-11651,full_reconstruction,1,2,web_application,,vulhub/saltstack:2019.2.3,False,,not_local,False,False,{},[],"[""version<3"", ""native verification unavailable"", ""ready guide unavailable""]"
CVE-2020-11652,full_reconstruction,3,2,middleware,,vulhub/saltstack:2019.2.3,False,,not_local,False,False,{},[],"[""version<3"", ""native verification unavailable"", ""ready guide unavailable""]"
CVE-2020-11981,full_reconstruction,1,2,middleware,,vulhub/airflow:1.10.10,False,,not_local,False,False,{},[],"[""version<3"", ""native verification unavailable"", ""ready guide unavailable""]"
CVE-2020-13942,full_reconstruction,1,2,web_application,,vulhub/unomi:1.5.1,False,,not_local,False,False,{},[],"[""version<3"", ""native verification unavailable"", ""ready guide unavailable""]"
CVE-2020-13945,full_reconstruction,3,2,middleware,,vulhub/apisix:2.11.0,False,,not_local,False,False,{},[],"[""version<3"", ""native verification unavailable"", ""ready guide unavailable""]"
CVE-2020-14882,full_reconstruction,1,2,web_application,,vulhub/weblogic:12.2.1.3-2018,False,,present,False,False,{},[],"[""version<3"", ""native verification unavailable"", ""ready guide unavailable""]"
CVE-2020-15906,full_reconstruction,1,2,web_application,,vulhub/tikiwiki:21.1,False,,not_local,False,False,{},[],"[""version<3"", ""native verification unavailable"", ""ready guide unavailable""]"
CVE-2020-16846,full_reconstruction,1,2,web_application,,vulhub/saltstack:3002,False,,not_local,False,False,{},[],"[""version<3"", ""native verification unavailable"", ""ready guide unavailable""]"
CVE-2020-17518,full_reconstruction,1,2,web_application,,vulhub/flink:1.11.2,False,,not_local,False,False,{},[],"[""version<3"", ""native verification unavailable"", ""ready guide unavailable""]"
CVE-2020-17519,full_reconstruction,3,2,web_application,,vulhub/flink:1.11.2,False,,not_local,False,False,{},[],"[""version<3"", ""native verification unavailable"", ""ready guide unavailable""]"
CVE-2020-17526,full_reconstruction,1,2,web_application,,vulhub/airflow:1.10.10,False,,not_local,False,False,{},[],"[""version<3"", ""native verification unavailable"", ""ready guide unavailable""]"
CVE-2020-1938,full_reconstruction,1,2,middleware,,vulhub/tomcat:9.0.30,False,,not_local,False,False,{},[],"[""version<3"", ""native verification unavailable"", ""ready guide unavailable""]"
CVE-2020-1957,full_reconstruction,3,2,web_application,,vulhub/shiro:1.5.1,False,,not_local,False,False,{},[],"[""version<3"", ""native verification unavailable"", ""ready guide unavailable""]"
CVE-2020-35476,full_reconstruction,1,2,web_application,,vulhub/opentsdb:2.4.0,False,,not_local,False,False,{},[],"[""version<3"", ""native verification unavailable"", ""ready guide unavailable""]"
CVE-2020-7012,full_reconstruction,1,2,web_application,,vulhub/elasticsearch:7.6.2,False,,not_local,False,False,{},[],"[""version<3"", ""native verification unavailable"", ""ready guide unavailable""]"
CVE-2020-7247,full_reconstruction,1,2,web_application,,vulhub/opensmtpd:6.6.1p1,False,,not_local,False,False,{},[],"[""version<3"", ""native verification unavailable"", ""ready guide unavailable""]"
CVE-2020-7961,full_reconstruction,1,2,web_application,,vulhub/liferay-portal:7.2.0-ga1,False,,not_local,False,False,{},[],"[""version<3"", ""native verification unavailable"", ""ready guide unavailable""]"
CVE-2020-9402,full_reconstruction,1,2,database,,vulhub/oracle:12c-ee,False,,not_local,False,False,{},[],"[""version<3"", ""native verification unavailable"", ""ready guide unavailable""]"
CVE-2020-9496,full_reconstruction,1,2,web_application,,vulhub/ofbiz:17.12.01,False,,not_local,False,False,{},[],"[""version<3"", ""native verification unavailable"", ""ready guide unavailable""]"
CVE-2021-21311,full_reconstruction,1,2,web_application,,vulhub/adminer:4.7.8,False,,not_local,False,False,{},[],"[""version<3"", ""native verification unavailable"", ""ready guide unavailable""]"
CVE-2021-21351,full_reconstruction,1,2,web_application,,vulhub/xstream:1.4.15,False,,not_local,False,False,{},[],"[""version<3"", ""native verification unavailable"", ""ready guide unavailable""]"
CVE-2021-22205,full_reconstruction,3,2,web_application,,vulhub/gitlab:13.10.1,False,,not_local,False,False,{},[],"[""version<3"", ""native verification unavailable"", ""ready guide unavailable""]"
CVE-2021-22911,full_reconstruction,1,2,web_application,,vulhub/rocketchat:3.12.1,False,,not_local,False,False,{},[],"[""version<3"", ""native verification unavailable"", ""ready guide unavailable""]"
CVE-2021-23592,full_reconstruction,1,3,web_application,,cve-cve-2021-23592:vuln,False,False,not_local,False,False,{},[],"[""native verification unavailable"", ""ready guide unavailable""]"
CVE-2021-25646,full_reconstruction,3,2,web_application,,vulhub/apache-druid:0.20.0,False,,not_local,False,False,{},[],"[""version<3"", ""native verification unavailable"", ""ready guide unavailable""]"
CVE-2021-26084,full_reconstruction,1,2,web_application,,vulhub/confluence:7.4.10,False,,not_local,False,False,{},[],"[""version<3"", ""native verification unavailable"", ""ready guide unavailable""]"
CVE-2021-26120,full_reconstruction,1,2,web_application,,vulhub/cmsms:2.2.9.1,False,,not_local,False,False,{},[],"[""version<3"", ""native verification unavailable"", ""ready guide unavailable""]"
CVE-2021-27341,full_reconstruction,1,3,web_application,,cve-cve-2021-27341:vuln,False,,present,False,False,{},[],"[""native verification unavailable"", ""ready guide unavailable""]"
CVE-2021-28073,full_reconstruction,3,2,web_application,,vulhub/ntopng:4.2,False,,not_local,False,False,{},[],"[""version<3"", ""native verification unavailable"", ""ready guide unavailable""]"
CVE-2021-28164,full_reconstruction,3,2,web_application,,vulhub/jetty:9.4.37,False,,not_local,False,False,{},[],"[""version<3"", ""native verification unavailable"", ""ready guide unavailable""]"
CVE-2021-28169,full_reconstruction,3,2,web_application,,vulhub/jetty:9.4.40,False,,not_local,False,False,{},[],"[""version<3"", ""native verification unavailable"", ""ready guide unavailable""]"
CVE-2021-29441,full_reconstruction,1,2,web_application,,vulhub/nacos:1.4.0,False,,not_local,False,False,{},[],"[""version<3"", ""native verification unavailable"", ""ready guide unavailable""]"
CVE-2021-29442,full_reconstruction,1,2,web_application,,vulhub/nacos:1.4.0,False,,not_local,False,False,{},[],"[""version<3"", ""native verification unavailable"", ""ready guide unavailable""]"
CVE-2021-29505,full_reconstruction,1,2,web_application,,vulhub/xstream:1.4.16,False,,not_local,False,False,{},[],"[""version<3"", ""native verification unavailable"", ""ready guide unavailable""]"
CVE-2021-3129,full_reconstruction,3,2,framework,,vulhub/laravel:8.4.2,False,,not_local,False,False,{},[],"[""version<3"", ""native verification unavailable"", ""ready guide unavailable""]"
CVE-2021-32568,rebuild_runtime_or_bundle,16,3,web_application,,cve-cve-2021-32568:vuln,True,False,present,True,False,"{""protocol"": ""http"", ""port"": 10086}","[""execute_command"", ""read_file"", ""write_file""]","[""no source_bundle"", ""runtime contract not ready""]"
CVE-2021-32682,rebuild_runtime_or_bundle,12,3,web_application,,vulhub/elfinder:2.1.58,True,,present,True,False,{},"[""execute_command"", ""read_file""]","[""runtime contract not ready""]"
CVE-2021-34371,full_reconstruction,1,2,web_application,,vulhub/neo4j:3.4.18,False,,not_local,False,False,{},[],"[""version<3"", ""native verification unavailable"", ""ready guide unavailable""]"
CVE-2021-34429,full_reconstruction,3,2,web_application,,vulhub/jetty:9.4.40,False,,not_local,False,False,{},[],"[""version<3"", ""native verification unavailable"", ""ready guide unavailable""]"
CVE-2021-35042,full_reconstruction,3,2,web_application,,vulhub/django:3.2.4,False,,not_local,False,False,{},[],"[""version<3"", ""native verification unavailable"", ""ready guide unavailable""]"
CVE-2021-4034,full_reconstruction,1,2,system_service,,vulhub/polkit:0.105,False,,not_local,False,False,{},[],"[""version<3"", ""native verification unavailable"", ""ready guide unavailable""]"
CVE-2021-40438,full_reconstruction,3,2,middleware,,vulhub/tomcat:8.5.19,False,,present,False,False,{},[],"[""version<3"", ""native verification unavailable"", ""ready guide unavailable""]"
CVE-2021-40822,full_reconstruction,3,2,web_application,,vulhub/geoserver:2.19.1,False,,not_local,False,False,{},[],"[""version<3"", ""native verification unavailable"", ""ready guide unavailable""]"
CVE-2021-41277,full_reconstruction,3,2,web_application,,vulhub/metabase:0.40.4,False,,not_local,False,False,{},[],"[""version<3"", ""native verification unavailable"", ""ready guide unavailable""]"
CVE-2021-41773,full_reconstruction,1,2,web_application,,vulhub/httpd:2.4.49,False,,not_local,False,False,{},[],"[""version<3"", ""native verification unavailable"", ""ready guide unavailable""]"
CVE-2021-42013,rebuild_runtime_or_bundle,14,3,web_application,,vulhub/httpd:2.4.50,True,,present,True,True,{},"[""execute_command"", ""read_file""]","[""network atom has empty required_service""]"
CVE-2021-42342,full_reconstruction,3,2,web_application,,vulhub/goahead:5.1.4,False,,not_local,False,False,{},[],"[""version<3"", ""native verification unavailable"", ""ready guide unavailable""]"
CVE-2021-42392,full_reconstruction,3,2,framework,,vulhub/spring-with-h2database:2.0.204,False,,not_local,False,False,{},[],"[""version<3"", ""native verification unavailable"", ""ready guide unavailable""]"
CVE-2021-43008,full_reconstruction,1,2,web_application,,vulhub/adminer:4.6.2,False,,not_local,False,False,{},[],"[""version<3"", ""native verification unavailable"", ""ready guide unavailable""]"
CVE-2021-43798,full_reconstruction,3,2,web_application,,vulhub/grafana:8.2.6,False,,not_local,False,False,{},[],"[""version<3"", ""native verification unavailable"", ""ready guide unavailable""]"
CVE-2021-44228,full_reconstruction,1,2,middleware,,vulhub/solr:8.11.0,False,,not_local,False,False,{},[],"[""version<3"", ""native verification unavailable"", ""ready guide unavailable""]"
CVE-2021-45232,full_reconstruction,1,2,web_application,,vulhub/apisix-dashboard:2.9.0,False,,not_local,False,False,{},[],"[""version<3"", ""native verification unavailable"", ""ready guide unavailable""]"
CVE-2021-45788,full_reconstruction,1,2,web_application,,vulhub/metersphere:1.15.4,False,,not_local,False,False,{},[],"[""version<3"", ""native verification unavailable"", ""ready guide unavailable""]"
CVE-2022-0543,rebuild_runtime_or_bundle,14,3,middleware,,vulhub/redis:5.0.7,True,,present,True,True,{},"[""execute_command"", ""read_file""]","[""network atom has empty required_service""]"
CVE-2022-0778,full_reconstruction,1,2,web_application,,vulhub/openssl:1.1.1m-with-curl,False,,not_local,False,False,{},[],"[""version<3"", ""native verification unavailable"", ""ready guide unavailable""]"
CVE-2022-22947,full_reconstruction,3,2,web_application,,vulhub/spring-cloud-gateway:3.1.0,False,,not_local,False,False,{},[],"[""version<3"", ""native verification unavailable"", ""ready guide unavailable""]"
CVE-2022-22963,full_reconstruction,3,2,web_application,,vulhub/spring-cloud-function:3.2.2,False,,not_local,False,False,{},[],"[""version<3"", ""native verification unavailable"", ""ready guide unavailable""]"
CVE-2022-22965,rebuild_runtime_or_bundle,16,3,web_application,,vulhub/spring-webmvc:5.3.17,True,,present,True,True,{},"[""execute_command"", ""read_file"", ""write_file""]","[""network atom has empty required_service""]"
CVE-2022-22978,full_reconstruction,3,2,web_application,,vulhub/spring-security:5.6.3,False,,not_local,False,False,{},[],"[""version<3"", ""native verification unavailable"", ""ready guide unavailable""]"
CVE-2022-23221,full_reconstruction,3,2,web_application,,vulhub/spring-with-h2database:2.0.206,False,,not_local,False,False,{},[],"[""version<3"", ""native verification unavailable"", ""ready guide unavailable""]"
CVE-2022-24706,full_reconstruction,3,2,database,,vulhub/couchdb:3.2.1,False,,present,False,False,{},[],"[""version<3"", ""native verification unavailable"", ""ready guide unavailable""]"
CVE-2022-24816,rebuild_runtime_or_bundle,14,3,web_application,,vulhub/geoserver:2.17.2,True,,present,True,True,{},"[""execute_command"", ""read_file""]","[""network atom has empty required_service""]"
CVE-2022-26134,full_reconstruction,1,2,web_application,,vulhub/confluence:7.13.6,False,,not_local,False,False,{},[],"[""version<3"", ""native verification unavailable"", ""ready guide unavailable""]"
CVE-2022-34265,full_reconstruction,3,2,web_application,,vulhub/django:4.0.5,False,,not_local,False,False,{},[],"[""version<3"", ""native verification unavailable"", ""ready guide unavailable""]"
CVE-2022-41678,rebuild_runtime_or_bundle,12,3,web_application,,vulhub/activemq:5.17.3,True,,present,True,False,{},"[""execute_command"", ""read_file""]","[""runtime contract not ready""]"
CVE-2022-4223,full_reconstruction,3,2,web_application,,vulhub/pgadmin:6.16,False,,not_local,False,False,{},[],"[""version<3"", ""native verification unavailable"", ""ready guide unavailable""]"
CVE-2022-44268,full_reconstruction,3,2,web_application,,vulhub/imagemagick:7.1.0-49-php,False,,not_local,False,False,{},[],"[""version<3"", ""native verification unavailable"", ""ready guide unavailable""]"
CVE-2022-44645,full_reconstruction,1,2,web_application,,vulhub/linkis:1.3.0,False,,not_local,False,False,{},[],"[""version<3"", ""native verification unavailable"", ""ready guide unavailable""]"
CVE-2022-46169,full_reconstruction,1,2,web_application,,vulhub/cacti:1.2.22,False,,not_local,False,False,{},[],"[""version<3"", ""native verification unavailable"", ""ready guide unavailable""]"
CVE-2023-2160,full_reconstruction,1,3,web_application,,cve-cve-2023-2160:vuln,False,False,not_local,False,False,{},[],"[""native verification unavailable"", ""ready guide unavailable""]"
CVE-2023-21839,full_reconstruction,1,2,middleware,,vulhub/weblogic:12.2.1.3-2018,False,,present,False,False,{},[],"[""version<3"", ""native verification unavailable"", ""ready guide unavailable""]"
CVE-2023-22515,full_reconstruction,1,2,web_application,,vulhub/confluence:8.5.1,False,,not_local,False,False,{},[],"[""version<3"", ""native verification unavailable"", ""ready guide unavailable""]"
CVE-2023-22527,full_reconstruction,1,2,web_application,,vulhub/confluence:8.5.3,False,,not_local,False,False,{},[],"[""version<3"", ""native verification unavailable"", ""ready guide unavailable""]"
CVE-2023-23752,full_reconstruction,1,2,web_application,,vulhub/joomla:4.2.7,False,,not_local,False,False,{},[],"[""version<3"", ""native verification unavailable"", ""ready guide unavailable""]"
CVE-2023-25157,full_reconstruction,3,2,web_application,,vulhub/geoserver:2.22.1,False,,not_local,False,False,{},[],"[""version<3"", ""native verification unavailable"", ""ready guide unavailable""]"
CVE-2023-25194,full_reconstruction,1,2,middleware,,vulhub/apache-druid:25.0.0,False,,not_local,False,False,{},[],"[""version<3"", ""native verification unavailable"", ""ready guide unavailable""]"
CVE-2023-25826,full_reconstruction,1,2,web_application,,vulhub/opentsdb:2.4.1,False,,not_local,False,False,{},[],"[""version<3"", ""native verification unavailable"", ""ready guide unavailable""]"
CVE-2023-26360,rebuild_runtime_or_bundle,6,3,web_application,,vulhub/coldfusion:2018.0.15,True,True,not_local,True,False,"{""protocol"": ""http"", ""port"": 8500}","[""read_file""]","[""runtime contract not ready""]"
CVE-2023-27524,full_reconstruction,3,2,web_application,,vulhub/superset:2.0.1,False,,not_local,False,False,{},[],"[""version<3"", ""native verification unavailable"", ""ready guide unavailable""]"
CVE-2023-28432,full_reconstruction,3,2,web_application,,vulhub/minio:2023-02-27T18-10-45Z,False,,not_local,False,False,{},[],"[""version<3"", ""native verification unavailable"", ""ready guide unavailable""]"
CVE-2023-29300,full_reconstruction,1,2,web_application,,vulhub/coldfusion:2018.0.15,False,,not_local,False,False,{},[],"[""version<3"", ""native verification unavailable"", ""ready guide unavailable""]"
CVE-2023-32315,full_reconstruction,1,2,web_application,,vulhub/openfire:4.7.4,False,,not_local,False,False,{},[],"[""version<3"", ""native verification unavailable"", ""ready guide unavailable""]"
CVE-2023-33246,full_reconstruction,1,2,web_application,,vulhub/rocketmq:5.1.0,False,,not_local,False,False,{},[],"[""version<3"", ""native verification unavailable"", ""ready guide unavailable""]"
CVE-2023-37582,full_reconstruction,1,2,middleware,,vulhub/rocketmq:5.1.0,False,,not_local,False,False,{},[],"[""version<3"", ""native verification unavailable"", ""ready guide unavailable""]"
CVE-2023-37941,full_reconstruction,1,2,web_application,,vulhub/superset:2.0.1,False,,not_local,False,False,{},[],"[""version<3"", ""native verification unavailable"", ""ready guide unavailable""]"
CVE-2023-38633,full_reconstruction,1,2,web_application,,vulhub/librsvg:2.50.7-php,False,,not_local,False,False,{},[],"[""version<3"", ""native verification unavailable"", ""ready guide unavailable""]"
CVE-2023-38646,full_reconstruction,3,2,web_application,,vulhub/metabase:0.46.6,False,,not_local,False,False,{},[],"[""version<3"", ""native verification unavailable"", ""ready guide unavailable""]"
CVE-2023-39361,full_reconstruction,1,2,web_application,,vulhub/cacti:1.2.24,False,,not_local,False,False,{},[],"[""version<3"", ""native verification unavailable"", ""ready guide unavailable""]"
CVE-2023-41892,full_reconstruction,1,2,web_application,,vulhub/craftcms:4.4.14,False,,not_local,False,False,{},[],"[""version<3"", ""native verification unavailable"", ""ready guide unavailable""]"
CVE-2023-42793,full_reconstruction,3,2,web_application,,vulhub/teamcity:2023.05.3,False,,not_local,False,False,{},[],"[""version<3"", ""native verification unavailable"", ""ready guide unavailable""]"
CVE-2023-42820,full_reconstruction,1,2,web_application,,vulhub/jumpserver:3.6.3,False,,not_local,False,False,{},[],"[""version<3"", ""native verification unavailable"", ""ready guide unavailable""]"
CVE-2023-4450,rebuild_runtime_or_bundle,14,3,web_application,,vulhub/jimureport:1.6.0,True,,present,True,True,{},"[""execute_command"", ""read_file""]","[""network atom has empty required_service""]"
CVE-2023-46604,full_reconstruction,1,2,web_application,,vulhub/activemq:5.17.3,False,,present,False,False,{},[],"[""version<3"", ""native verification unavailable"", ""ready guide unavailable""]"
CVE-2023-49070,full_reconstruction,1,2,web_application,,vulhub/ofbiz:18.12.09,False,,not_local,False,False,{},[],"[""version<3"", ""native verification unavailable"", ""ready guide unavailable""]"
CVE-2023-49103,full_reconstruction,3,2,web_application,,vulhub/owncloud:10.12.1,False,,not_local,False,False,{},[],"[""version<3"", ""native verification unavailable"", ""ready guide unavailable""]"
CVE-2023-5002,full_reconstruction,1,2,web_application,,vulhub/pgadmin:7.6,False,,not_local,False,False,{},[],"[""version<3"", ""native verification unavailable"", ""ready guide unavailable""]"
CVE-2023-51449,full_reconstruction,3,2,web_application,,vulhub/gradio:4.10.0,False,,not_local,False,False,{},[],"[""version<3"", ""native verification unavailable"", ""ready guide unavailable""]"
CVE-2023-51467,rebuild_runtime_or_bundle,14,3,web_application,,vulhub/ofbiz:18.12.10,True,,present,True,True,{},"[""execute_command"", ""read_file""]","[""network atom has empty required_service""]"
CVE-2024-1561,full_reconstruction,3,2,web_application,,vulhub/gradio:4.12.0,False,,present,False,False,{},[],"[""version<3"", ""native verification unavailable"", ""ready guide unavailable""]"
CVE-2024-23897,full_reconstruction,3,2,web_application,,vulhub/jenkins:2.441,False,,not_local,False,False,{},[],"[""version<3"", ""native verification unavailable"", ""ready guide unavailable""]"
CVE-2024-27198,full_reconstruction,1,2,web_application,,vulhub/teamcity:2023.11.3,False,,not_local,False,False,{},[],"[""version<3"", ""native verification unavailable"", ""ready guide unavailable""]"
CVE-2024-27348,rebuild_runtime_or_bundle,14,3,web_application,,vulhub/hugegraph:1.2.0,True,,present,True,True,{},"[""execute_command"", ""read_file""]","[""network atom has empty required_service""]"
CVE-2024-28752,full_reconstruction,3,2,web_application,,vulhub/apache-cxf:3.2.14,False,,not_local,False,False,{},[],"[""version<3"", ""native verification unavailable"", ""ready guide unavailable""]"
CVE-2024-2961,full_reconstruction,1,2,middleware,,vulhub/php:8.3.4-apache,False,,not_local,False,False,{},[],"[""version<3"", ""native verification unavailable"", ""ready guide unavailable""]"
CVE-2024-32114,full_reconstruction,3,2,web_application,,vulhub/activemq:6.1.1,False,,not_local,False,False,{},[],"[""version<3"", ""native verification unavailable"", ""ready guide unavailable""]"
CVE-2024-36401,full_reconstruction,1,2,web_application,,vulhub/geoserver:2.23.2,False,,not_local,False,False,{},[],"[""version<3"", ""native verification unavailable"", ""ready guide unavailable""]"
CVE-2024-38856,rebuild_runtime_or_bundle,14,3,web_application,,vulhub/ofbiz:18.12.14,True,,present,True,False,{},"[""execute_command"", ""read_file""]","[""runtime contract not ready""]"
CVE-2024-39907,full_reconstruction,1,2,web_application,,vulhub/1panel:1.10.10,False,,not_local,False,False,{},[],"[""version<3"", ""native verification unavailable"", ""ready guide unavailable""]"
CVE-2024-42323,full_reconstruction,1,2,web_application,,vulhub/hertzbeat:1.4.4,False,,not_local,False,False,{},[],"[""version<3"", ""native verification unavailable"", ""ready guide unavailable""]"
CVE-2024-43441,full_reconstruction,3,2,web_application,,vulhub/hugegraph:1.3.0,False,,not_local,False,False,{},[],"[""version<3"", ""native verification unavailable"", ""ready guide unavailable""]"
CVE-2024-4367,full_reconstruction,1,2,web_application,,vulhub/pdfjs:4.1.392,False,,not_local,False,False,{},[],"[""version<3"", ""native verification unavailable"", ""ready guide unavailable""]"
CVE-2024-45195,rebuild_runtime_or_bundle,12,3,web_application,,vulhub/ofbiz:18.12.15,True,,present,True,False,{},"[""execute_command"", ""read_file""]","[""runtime contract not ready""]"
CVE-2024-45507,full_reconstruction,1,2,web_application,,vulhub/ofbiz:18.12.15,False,,present,False,False,{},[],"[""version<3"", ""native verification unavailable"", ""ready guide unavailable""]"
CVE-2024-47177,full_reconstruction,1,2,web_application,,vulhub/cups-browsed:2.0.1,False,,not_local,False,False,{},[],"[""version<3"", ""native verification unavailable"", ""ready guide unavailable""]"
CVE-2024-4956,full_reconstruction,3,2,web_application,,vulhub/nexus:3.68.0,False,,not_local,False,False,{},[],"[""version<3"", ""native verification unavailable"", ""ready guide unavailable""]"
CVE-2024-56145,full_reconstruction,1,2,web_application,,vulhub/craftcms:5.5.1.1,False,,not_local,False,False,{},[],"[""version<3"", ""native verification unavailable"", ""ready guide unavailable""]"
CVE-2024-9264,rebuild_runtime_or_bundle,14,3,web_application,,vulhub/grafana:11.0.0,True,,present,True,False,{},"[""execute_command"", ""read_file""]","[""runtime contract not ready""]"
CVE-2025-13780,full_reconstruction,1,2,web_application,,vulhub/pgadmin:9.10,False,,not_local,False,False,{},[],"[""version<3"", ""native verification unavailable"", ""ready guide unavailable""]"
CVE-2025-1974,full_reconstruction,1,2,middleware,,vulhub/ingress-nginx:1.9.5,False,,not_local,False,False,{},[],"[""version<3"", ""native verification unavailable"", ""ready guide unavailable""]"
CVE-2025-24813,full_reconstruction,1,2,middleware,,vulhub/tomcat:9.0.97,False,,not_local,False,False,{},[],"[""version<3"", ""native verification unavailable"", ""ready guide unavailable""]"
CVE-2025-2945,full_reconstruction,1,2,web_application,,vulhub/pgadmin:9.1,False,,not_local,False,False,{},[],"[""version<3"", ""native verification unavailable"", ""ready guide unavailable""]"
CVE-2025-29927,full_reconstruction,3,2,web_application,,vulhub/nextjs:15.2.2,False,,not_local,False,False,{},[],"[""version<3"", ""native verification unavailable"", ""ready guide unavailable""]"
CVE-2025-30208,full_reconstruction,3,2,web_application,,vulhub/vite:6.2.2,False,,not_local,False,False,{},[],"[""version<3"", ""native verification unavailable"", ""ready guide unavailable""]"
CVE-2025-32395,full_reconstruction,3,2,web_application,,vulhub/vite:6.2.5,False,,not_local,False,False,{},[],"[""version<3"", ""native verification unavailable"", ""ready guide unavailable""]"
CVE-2025-32433,full_reconstruction,1,2,middleware,,vulhub/erlang:27.3.2-with-ssh,False,,present,False,False,{},[],"[""version<3"", ""native verification unavailable"", ""ready guide unavailable""]"
CVE-2025-3248,full_reconstruction,3,2,web_application,,vulhub/langflow:1.2.0,False,,not_local,False,False,{},[],"[""version<3"", ""native verification unavailable"", ""ready guide unavailable""]"
CVE-2025-41242,full_reconstruction,3,2,web_application,,vulhub/spring-boot-jetty:3.2.4,False,,not_local,False,False,{},[],"[""version<3"", ""native verification unavailable"", ""ready guide unavailable""]"
CVE-2025-49001,full_reconstruction,1,2,web_application,,vulhub/dataease:2.10.7,False,,not_local,False,False,{},[],"[""version<3"", ""native verification unavailable"", ""ready guide unavailable""]"
CVE-2025-54068,full_reconstruction,1,2,web_application,,vulhub/livewire:3.6.3,False,,not_local,False,False,{},[],"[""version<3"", ""native verification unavailable"", ""ready guide unavailable""]"
CVE-2025-55182,rebuild_runtime_or_bundle,14,3,web_application,,vulhub/nextjs:15.5.6,True,,present,True,False,{},"[""execute_command"", ""read_file""]","[""runtime contract not ready""]"
CVE-2025-67303,full_reconstruction,1,2,web_application,,vulhub/comfyui:3.37-with-manager,False,,not_local,False,False,{},[],"[""version<3"", ""native verification unavailable"", ""ready guide unavailable""]"
CVE-2025-68613,rebuild_runtime_or_bundle,14,3,web_application,,vulhub/n8n:1.65.0,True,,present,True,False,{},"[""execute_command"", ""read_file""]","[""runtime contract not ready""]"
CVE-2026-21858,full_reconstruction,3,2,web_application,,vulhub/n8n:1.65.0,False,,present,False,False,{},[],"[""version<3"", ""native verification unavailable"", ""ready guide unavailable""]"
CVE-2026-22777,full_reconstruction,1,2,web_application,,vulhub/comfyui:3.39.1-with-manager,False,,not_local,False,False,{},[],"[""version<3"", ""native verification unavailable"", ""ready guide unavailable""]"
CVE-2026-24061,full_reconstruction,3,2,system_service,,vulhub/inetutils:2.5,False,,not_local,False,False,{},[],"[""version<3"", ""native verification unavailable"", ""ready guide unavailable""]"
CVE-2026-25253,full_reconstruction,1,2,web_application,,vulhub/openclaw:2026.1.28,False,,not_local,False,False,{},[],"[""version<3"", ""native verification unavailable"", ""ready guide unavailable""]"
CVE-2026-25887,rebuild_runtime_or_bundle,12,3,web_application,,vulhub/chartbrew:4.8.0,True,,present,True,False,{},"[""execute_command"", ""read_file""]","[""runtime contract not ready""]"
CVE-2026-27944,full_reconstruction,1,2,web_application,,vulhub/nginx-ui:2.3.2,False,,not_local,False,False,{},[],"[""version<3"", ""native verification unavailable"", ""ready guide unavailable""]"
CVE-2026-31816,full_reconstruction,3,2,web_application,,vulhub/budibase:3.31.4-proxy,False,,not_local,False,False,{},[],"[""version<3"", ""native verification unavailable"", ""ready guide unavailable""]"
CVE-2026-34197,full_reconstruction,1,2,web_application,,vulhub/activemq:6.2.2,False,,not_local,False,False,{},[],"[""version<3"", ""native verification unavailable"", ""ready guide unavailable""]"
CVE-2026-34486,full_reconstruction,1,2,middleware,,vulhub/tomcat:9.0.116,False,,not_local,False,False,{},[],"[""version<3"", ""native verification unavailable"", ""ready guide unavailable""]"
CVE-2026-39363,full_reconstruction,3,2,web_application,,vulhub/vite:7.3.1,False,,not_local,False,False,{},[],"[""version<3"", ""native verification unavailable"", ""ready guide unavailable""]"
PIL-CVE-2017-8291,full_reconstruction,3,2,web_application,,vulhub/ghostscript:9.21-with-flask,False,,not_local,False,False,{},[],"[""version<3"", ""native verification unavailable"", ""ready guide unavailable""]"
